,GW_storage[cm],SM_storage[cm],SFC_storage[cm],SWE_storage[cm],total_storage[cm],total_storage[cm]_noGW,anomaly[cm],SM_anomaly[cm],GW_anomaly[cm],SWE_anomaly[cm],SFC_anomaly[cm],anomaly[cm]_noGW
1979-10-31,2167.8081605925304,56.37970544835543,0.5167315261635028,0.04223024767671453,2224.746827814726,56.938667222195654,-5.678808049552784,0.8991006421676647,-4.526954267582859,-1.8032769793807009,-0.24767744475726347,-1.1518537819702979
1979-11-30,2167.850010937443,57.185093545928034,0.6132334494741254,0.7066007767425836,2226.3549387095873,58.50492777214475,-4.070697154691223,1.704488739740268,-4.485103922670405,-1.1389064503148318,-0.15117552144664095,0.41440676797879716
1979-12-31,2167.8936511401644,57.300076701447225,0.6111063870925951,2.0231846380671463,2227.8280188667713,59.93436772660697,-2.5976169975074765,1.819471895259459,-4.441463719948877,0.1776774110097307,-0.15330258382817122,1.8438467224410204
1980-01-31,2167.9237502184756,58.12868021855779,0.6805830782157509,5.010725886940964,2231.74373940219,63.819989183714505,1.3181035379113286,2.648075412370019,-4.411364641637611,3.1652186598835486,-0.08382589270501534,5.729468179548554
1980-02-29,2167.9808178068315,59.541865105034006,0.8601584677344664,8.936279877574687,2237.3191212571746,69.33830345034316,6.893485392895776,4.061260298846239,-4.35429705328183,7.090772650517273,0.09574949681369999,11.247782446177213
1980-03-31,2168.0982625759298,61.297460084311695,1.127763107565145,10.941477132065076,2241.464962899872,73.36670032394191,11.039327035592995,5.816855278123927,-4.236852284183358,9.09596990500766,0.3633541366443788,15.276179319775968
1980-04-30,2168.2221414598444,62.475245282387775,1.6168362235458145,9.970167916810784,2242.2843908825885,74.06224942274437,11.85875501830974,6.994640476199999,-4.1129734002690626,8.12466068975337,0.8524272526250481,15.971728418578419
1980-05-31,2168.404559421101,64.96695639719898,3.888949871786618,5.36390804714976,2242.6243737372365,74.21981431613537,12.198737872957638,9.486351591011218,-3.9305554390121626,3.518400820092344,3.1245409008658513,16.129293311969416
1980-06-30,2168.615820779222,63.209672797804444,3.1022851233429063,1.8297597285627398,2236.757538428932,68.14171764971009,6.331902564653193,7.729067991616672,-3.7192940808913155,-0.015747498494675712,2.33787615242214,10.051196645544138
1980-07-31,2168.710778404665,59.73487025743387,1.6421272776175992,0.09211489225135339,2230.179890831968,61.469112427302825,-0.24574503231112507,4.254265451246099,-3.624336455448387,-1.7533923348060623,0.8777183066968328,3.3785914231368723
1980-08-31,2168.7286062884805,56.68778487778233,0.5109822227646797,0.0010667607313793361,2225.928440149759,57.19983386127838,-4.49719571451982,1.2071800715945513,-3.606508571632636,-1.844440466326036,-0.25342674815608657,-0.8906871428875694
1980-09-30,2168.72917667705,56.430953550647985,0.26483076947576023,0.0004215122305137746,2225.425382509404,56.69620583235426,-5.000253354874644,0.9503487444602147,-3.6059381830633392,-1.8450857148269018,-0.49957820144500614,-1.394315171811691
1980-10-31,2168.7346707623365,56.21492762243116,0.2100441433620924,0.09869103211657232,2225.2583335602462,56.52366279790983,-5.167302304032789,0.7343228162433929,-3.600444097777048,-1.7468161949408432,-0.554364827558674,-1.5668582062561218
1980-11-30,2168.7438858884325,56.86032306625107,0.2784526649325292,0.29794548367743645,2226.1806071032934,57.43672121486103,-4.245028760985226,1.3797182600632976,-3.591228971680695,-1.5475617433799789,-0.48595630598823714,-0.6537997893049167
1980-12-31,2168.7485446029373,57.189566581330546,0.40056634961019033,0.8031658470657826,2227.1418433809436,58.39329877800652,-3.2837924833352576,1.7089617751427697,-3.586570257176202,-1.0423413799916328,-0.36384262131057593,0.30277777384056287
1981-01-31,2168.7411562631733,57.00449355485313,0.4893319564673691,0.7750897745800553,2227.010071549074,58.268915285900555,-3.41556431520499,1.5238887486653598,-3.593958596939977,-1.0704174524773602,-0.2750770144533973,0.17839428173460467
1981-02-28,2168.720667173832,57.005184174702,0.5224428321966448,1.2538181832653763,2227.5021123639963,58.78144519016403,-2.92352350028255,1.5245793685142324,-3.6144476862810095,-0.5916890437920392,-0.24196613872412157,0.6909241859980737
1981-03-31,2168.69174236194,57.94032268294488,0.6425880226490438,1.7936351311932268,2229.0682881987273,60.37654583678715,-1.3573476655514398,2.4597178767571077,-3.64337249817302,-0.05187209586418855,-0.12182094827172246,2.2860248326211985
1981-04-30,2168.6684856591273,58.974651138046475,0.9053341514978095,1.7068192079433753,2230.255290156615,61.586804497487655,-0.17034570766360274,3.494046331858705,-3.666629200985691,-0.13868801911404016,0.14092518057704317,3.49628349332171
1981-05-31,2168.677456177946,59.76146935957302,1.544778348937139,0.384165462430147,2230.3678693488864,61.6904131709403,-0.05776651539238528,4.280864553385248,-3.657658682167123,-1.4613417646272686,0.7803693780163725,3.599892166774354
1981-06-30,2168.7034683489524,58.58368383975223,1.337069419163767,0.032155703311844176,2228.65637731118,59.952908962227845,-1.7692585530986662,3.103079033564466,-3.631646511160948,-1.8133515237455713,0.5726604482430009,1.8623879580618978
1981-07-31,2168.7073753893374,56.801919647756264,0.5597751613721147,4.521401231862717e-06,2226.069074719867,57.3616993305296,-4.3565611444118115,1.3213148415684928,-3.6277394707758557,-1.8455027056561837,-0.20463380954865157,-0.7288216736363404
1981-08-31,2168.7039612866556,55.06831792013939,0.28015883723862833,8.113392081593746e-07,2224.052438855373,55.34847756871722,-6.373197008905822,-0.41228688604838254,-3.6311535734574862,-1.8455064157182075,-0.484250133682138,-2.7420434354487258
1981-09-30,2168.6943503820034,54.76251617528117,0.20250010769242566,6.276034390149848e-05,2223.659429425321,54.9650790433175,-6.766206438957709,-0.7180886309065938,-3.640764478109648,-1.8454444667135141,-0.5619088632283407,-3.1254419608484465
1981-10-31,2168.6999693155967,56.453930999783815,0.30894212080804234,0.12020449149757956,2225.583046927686,56.88307761208944,-4.8425889365926,0.9733261935960424,-3.635145544516472,-1.725302735559836,-0.45546685011272403,-1.2074433920765153
1981-11-30,2168.738315119075,57.173650367867715,0.4472897776670291,0.2627449345335589,2226.6220001991433,57.883685080068304,-3.8036356651355914,1.6930455616799438,-3.5967997410383217,-1.5827622925238567,-0.3171191932537373,-0.2068359240976479
1981-12-31,2168.7697450290198,57.35785615950925,0.4774096528682809,1.17406578809481,2227.7790766294925,59.009331600472336,-2.6465592347866256,1.8772513533214767,-3.5653698310933923,-0.6714414389626054,-0.2869993180524854,0.9188105963063882
1982-01-31,2168.782421074249,57.411125954163616,0.5439756738221073,4.959311550476402,2231.6968342527116,62.91441317846212,1.2711983884328537,1.9305211479758402,-3.552693785863706,3.1138043234189863,-0.22043329709865905,4.82389217429617
1982-02-28,2168.778887802663,57.82934816862722,0.6435127375148931,6.071136440866131,2233.3228851496715,64.54399734700824,2.8972492853924856,2.3487433624394436,-3.556227057450192,4.225629213808716,-0.1208962334058732,6.453476342842288
1982-03-31,2168.7791926996606,59.435008264722825,1.0591386540582406,5.839445164874739,2235.1127847833163,66.3335920836558,4.687148919037523,3.954403458535059,-3.5559221604527185,3.9939379378173236,0.29472968313747433,8.243071079489859
1982-04-30,2168.801517952974,59.973416199000795,1.3376869645532816,5.556285171052978,2235.6689062875807,66.86738833460706,5.243270423302042,4.492811392813018,-3.5335969071394406,3.7107779439955624,0.5732779936325153,8.776867330441098
1982-05-31,2168.8474070205907,60.48659437881274,2.084593931091648,3.3918252689501873,2234.8104205994455,65.96301357885457,4.384784735166494,5.005989572624961,-3.4877078395225034,1.546318041892772,1.3201849601708815,7.872492574688617
1982-06-30,2168.9251482414847,59.27032586185554,2.137427866615134,1.0792458593370453,2231.4121478292923,62.486999587807716,0.9865119650136042,3.7897210556677634,-3.4099666186285416,-0.7662613677203702,1.373018895694368,4.3964785836417635
1982-07-31,2168.965002253348,56.91152254737662,1.3180079315643125,0.059569705030722765,2227.2541024373195,58.28910018397165,-3.1715334269592415,1.4309177411888494,-3.370112606765333,-1.7859375220266926,0.5535989606435463,0.19857917980570478
1982-08-31,2168.9541096775306,56.056361354542844,0.6267517598183054,8.956097738375913e-05,2225.6373123528697,56.68320267533854,-4.788323511409421,0.5757565483550794,-3.3810051825823844,-1.8454176660800319,-0.13765721110246082,-1.4073183288274111
1982-09-30,2168.954404251317,56.59910948472429,0.5900442838791052,0.01651459281836649,2226.1600726127385,57.205668361421765,-4.265563251540161,1.1185046785365214,-3.380710608796368,-1.828992634239049,-0.17436468704166108,-0.8848526427441866
1982-10-31,2168.992165637743,58.038675206305925,0.6389696159158342,0.08064392041294735,2227.7504543803775,58.75828874263471,-2.675181483901113,2.5580704001181536,-3.3429492223702626,-1.764863306644468,-0.1254393550049321,0.667767738468755
1982-11-30,2169.0385523814557,59.00376208030742,0.6635177148998466,0.9561765517028653,2229.662008728366,60.623456346910125,-0.7636271359130824,3.5231572741196495,-3.2965624786576346,-0.8893306753545502,-0.10089125602091974,2.532935342744181
1982-12-31,2169.0848940047076,59.65699010541409,0.7153567880098235,2.9399260043225546,2232.397166902454,63.31227289774647,1.9715310381751983,4.176385299226316,-3.2502208554056993,1.094418777265139,-0.04905218291094286,5.221751893580515
1983-01-31,2169.1252818778876,59.747826884111916,0.6817030747141307,3.5864535907123716,2233.1412654274263,64.01598354953843,2.715629563147326,4.26722207792415,-3.2098329822255236,1.7409463636549563,-0.08270589620663565,5.925462545372472
1983-02-28,2169.151222987584,60.12249163602697,0.7360806336487953,4.713109688984873,2234.7229049462444,65.57168195866063,4.297269081965543,4.641886829839204,-3.1838918725295327,2.867602461927457,-0.02832833727197105,7.481160954494692
1983-03-31,2169.181053150193,61.743307265259595,1.2234552718536584,5.211889925940832,2237.359705613247,68.17865246305408,6.934069748968405,6.262702459071819,-3.154061709920099,3.3663826988834162,0.459046300932892,10.088131458888128
1983-04-30,2169.24311805022,62.746273204654585,1.5419972652898315,5.742397745542041,2239.273786265706,70.03066821548647,8.848150401427315,7.265668398466821,-3.0919968098935846,3.8968905184846254,0.7775882943690652,11.940147211320514
1983-05-31,2169.328969832534,63.6734831984164,2.483376951883577,4.757317053028874,2240.243147035863,70.91417720332885,9.817511171584052,8.192878392228632,-3.0061450275792323,2.911809825971459,1.718967980962811,12.823656199162905
1983-06-30,2169.456751467859,63.4403177972605,2.9773954413903065,1.6768649066851469,2237.551329613195,68.09457814533594,7.125693748916188,7.959712991072731,-2.8783633922541982,-0.1686423203722686,2.21298647046954,10.004057141170005
1983-07-31,2169.552424765895,61.219461724351305,1.7984017075778216,0.0964171367409921,2232.666705334565,63.11428056867012,2.2410694702863547,5.738856918163531,-2.7826900942181982,-1.7490900903164233,1.0339927366570552,5.023759564504164
1983-08-31,2169.5865297375344,59.82084093508553,0.7858264663680977,0.0016912841334495228,2230.1948884231215,60.60835868558708,-0.23074744115716833,4.340236128897758,-2.7485851225786813,-1.8438159429239658,0.02141749544733143,2.517837681421126
1983-09-30,2169.60851686896,58.239100143688916,0.39339533063793686,0.0003433095322349219,2228.241355652819,58.632838783859086,-2.1842802114595776,2.7584953375011443,-2.726597991153097,-1.8451639175251806,-0.3710136402828295,0.5423177796931362
1983-10-31,2169.6269593065385,58.92934460384524,0.330149868477127,0.013075979211297271,2228.8995297580723,59.27257045153367,-1.5261061062066033,3.4487397976574727,-2.70815555357468,-1.8324312478461184,-0.43425910244363924,1.1820494473677172
1983-11-30,2169.6486680391245,59.073810684497545,0.4026138083085726,0.989326526867432,2230.114419058798,60.465751019673554,-0.3112168054807474,3.5932058783097736,-2.686446820988731,-0.8561807001899835,-0.3617951626121938,2.375230015507598
1983-12-31,2169.667018326872,59.79712546822621,0.5745194950735646,5.211527799144703,2235.250191089316,65.58317276244448,4.824555225037585,4.316520662038443,-2.6680965332413265,3.366020572087287,-0.18988947584720173,7.492651758278531
1984-01-31,2169.6813418635916,59.911982626176716,0.6500027082219055,8.401903625531078,2238.645230823521,68.9638889599297,8.21959495924266,4.4313778199889455,-2.653772996521486,6.5563963984736615,-0.11440626269886078,10.873367955763749
1984-02-29,2169.6828227591473,59.79341193123707,0.6522965354797253,8.999632392751602,2239.128163618616,69.44534085946839,8.702527754336987,4.3128071250492965,-2.6522921009658513,7.154125165694185,-0.11211243544104096,11.354819855302443
1984-03-31,2169.671669978155,60.44336038869298,0.8570151279338082,8.936645433787321,2239.9086909285693,70.2370209504141,9.483055064290212,4.962755582505206,-2.663444881958331,7.091138206729906,0.09260615701304183,12.146499946248158
1984-04-30,2169.6699377307723,62.44541407359846,1.8452230289359632,7.627120859075531,2241.587695692382,71.91775796160995,11.162059828103496,6.964809267410687,-2.665177129340883,5.781613632018116,1.0808140580151968,13.827236957444
1984-05-31,2169.7220074947877,63.20923239104645,3.0781425114259755,4.728164090459512,2240.7375464877196,71.01553899293194,10.31191062344067,7.728627584858678,-2.6131073653257055,2.8826568634020973,2.3137335405052095,12.925017988765987
1984-06-30,2169.8488191205315,62.92060703326919,3.2761578648354157,0.8848202829166923,2236.930404301553,67.08158518102131,6.504768437274111,7.440002227081422,-2.486295739581627,-0.9606869441407232,2.5117488939146497,8.991064176855351
1984-07-31,2169.891371118403,60.21408768638165,1.3570161979308086,0.03795592531891713,2231.500430928035,61.60905980963138,1.0747950637559192,4.733482880193889,-2.443743741709881,-1.8075513017384983,0.5926072270100422,3.518538805465434
1984-08-31,2169.898530083675,59.21638161413423,0.7004927597061875,0.0007801872097234196,2229.816184644725,59.91765456105014,-0.6094512195536842,3.7357768079464613,-2.436584776438258,-1.8447270398476923,-0.06391621121457883,1.8271335568841927
1984-09-30,2169.90635289678,58.323816574200194,0.5244044717309438,0.009616498269739083,2228.764190440981,58.85783754420087,-1.6614454232976104,2.84321176801242,-2.428761963332909,-1.8358907287876767,-0.24000449918982245,0.7673165400349233
1984-10-31,2169.923522589802,59.569965324283274,0.563005564604226,0.37598894207560335,2230.4324824207656,60.5089598309631,0.006846556486473512,4.089360518095502,-2.4115922703110564,-1.4695182849818123,-0.20140340631654025,2.4184388267971513
1984-11-30,2169.953339494785,59.94115548091788,0.715692113113888,0.8599759254294469,2231.4701630142463,61.51682351946121,1.0445271499673272,4.460550674730107,-2.3817753653283105,-0.9855313016279686,-0.04871685780687824,3.4263025152952618
1984-12-31,2169.9730699620213,60.01543791658106,0.683453247681025,2.56150354777525,2233.2334646740583,63.26039471203733,2.807828809779582,4.534833110393284,-2.3620448980921815,0.7159963207178346,-0.08095572323974133,5.16987370787138
1985-01-31,2169.9837547182615,60.45798893371824,0.706340300186683,4.454149744733181,2235.6022336969,65.6184789786381,5.176597832620919,4.977384127530465,-2.351360141851621,2.6086425176757655,-0.058068670734083276,7.527957974472149
1985-02-28,2169.9934726481656,60.511111385217,0.7087103132813019,5.689953956721924,2236.9032483033857,66.90977565522022,6.4776124391070224,5.030506579029224,-2.3416422119476357,3.844446729664509,-0.05569865763946454,8.819254651054269
1985-03-31,2170.000870771078,61.60745563304578,1.0763052849210395,5.53879661946934,2238.223428308514,68.22255753743617,7.797792444235421,6.126850826858013,-2.3342440890351717,3.6932893924119248,0.3118963140002733,10.132036533270215
1985-04-30,2170.0315584875166,63.22563772276116,2.190839996120975,4.29141808430162,2239.7394542907005,69.70789580318375,9.31381842642134,7.745032916573382,-2.303556372596836,2.445910857244204,1.4264310252002086,11.617374799017798
1985-05-31,2170.117458811514,63.892816240180764,2.666007763293477,2.115720082197431,2238.7920028971857,68.67454408567167,8.366367032907032,8.412211433992997,-2.217656048599068,0.27021285514001575,1.9015987923727102,10.584023081505727
1985-06-30,2170.2020880322284,61.5186113307885,1.8573191524657824,0.39218694945063803,2233.970205464933,63.76811743270493,3.5445696006542677,6.038006524600737,-2.1330268278850966,-1.4533202776067775,1.092910181545016,5.677596428538977
1985-07-31,2170.22852277833,59.12187665320201,0.7956160520178781,0.00913373313085413,2230.155149216681,59.926626438350745,-0.27048664759801433,3.64127184701424,-2.10659208178317,-1.8363734939265615,0.031207081097111723,1.8361054341847924
1985-08-31,2170.233160688538,57.52207581388463,0.35002552004006643,3.1083780839954904e-05,2228.105293106244,57.87213241770554,-2.3203427580347253,2.0414710076968623,-2.1019541715746977,-1.8454761432765754,-0.41438345088069994,-0.21838858646041068
1985-09-30,2170.227447412951,56.656778656899455,0.24899771928870193,0.018251778425240374,2227.151475567564,56.9240281546134,-3.2741602967146446,1.1761738507116855,-2.1076674471624743,-1.8272554486321753,-0.5154112516320644,-1.166492849552552
1985-10-31,2170.2375524841004,58.69311611787169,0.5373782866614425,0.13340042859291176,2229.6014473172268,59.36389483312604,-0.8241885470522728,3.2125113116839152,-2.0975623760127404,-1.7121067984645038,-0.2270306842593238,1.27337382896009
1985-11-30,2170.2732660534157,59.23349910830738,0.5934529740494044,1.4168228500464335,2231.5170409858188,61.24377493240321,1.0914051215400087,3.7528943021196053,-2.0618488066976393,-0.4286843770109819,-0.17095599687136193,3.153253928237264
1985-12-31,2170.3063607923605,59.98510528711445,0.6369370852501272,4.385937071920152,2235.3143402366454,65.00797944428473,4.88870437236654,4.504500480926681,-2.028754067752629,2.5404298448627367,-0.12747188567063922,6.9174584401187795
1986-01-31,2170.3292631801046,59.72503084084453,0.6253998934590889,4.857415745185677,2235.5371096595936,65.20784647948929,5.111473795314799,4.244426034656761,-2.005851680008931,3.0119085181282617,-0.1390090774616774,7.117325475323346
1986-02-28,2170.332536924073,60.15290317047628,0.7877289233222826,5.808152244325109,2237.0813212621965,66.74878433812367,6.655685397917807,4.67229836428851,-2.002577936040304,3.9626450172676937,0.023319952401516335,8.658263333957724
1986-03-31,2170.3328025754195,61.69238124136674,1.5069750033460954,5.840710231453293,2239.372869051586,69.04006647616613,8.947233187306848,6.211776435178968,-2.0023122846937067,3.9952030043958784,0.7425660324253291,10.949545472000176
1986-04-30,2170.363047944658,63.04791173040452,2.2479035169399846,4.835480780192194,2240.4943439721947,70.1312960275367,10.068708107915581,7.567306924216756,-1.9720669154555492,2.9899735531347784,1.4834945460192182,12.040775023370754
1986-05-31,2170.427347019223,63.182687399812444,2.2643031468890316,3.448861553409628,2239.3231991193343,68.8958521001111,8.897563255055264,7.70208259362468,-1.9077678408902883,1.6033543263522125,1.4998941759682656,10.805331095945158
1986-06-30,2170.5015302669212,61.49625584385764,2.482786291312553,0.9101403024833922,2235.390712704575,64.88918243765359,4.965076840296092,6.015651037669867,-1.833584593191926,-0.9353669245740234,1.718377320391787,6.798661433487633
1986-07-31,2170.532208944139,59.58065198076329,1.4423952976899594,0.04310770442657519,2231.598363927019,61.06615498287983,1.1727280627400438,4.100047174575529,-1.8029059159742378,-1.8023995226308402,0.677986326769193,2.9756339787138835
1986-08-31,2170.5333516605087,57.74161649351349,0.5875566000705472,0.002578528264805723,2228.8651032823577,58.331751621848845,-1.5605325819209586,2.261011687325726,-1.8017631996042407,-1.8429286987926097,-0.17685237085021907,0.24123061768289908
1986-09-30,2170.5313663666293,57.68435323462419,0.39052550848809636,0.05355163094464443,2228.6597967406865,58.128430374056926,-1.765839123592201,2.203748428436419,-1.8037484934835586,-1.791955596112771,-0.37388346243266996,0.0379093698909798
1986-10-31,2170.5572525631896,60.10130166494918,0.7691920106629205,0.21172560170773688,2231.6394718405095,61.082219277319844,1.2138359762308786,4.620696858761418,-1.777862296923413,-1.6337816253496789,0.004783039742154152,2.9916982731538964
1986-11-30,2170.6252642014124,61.53103215322569,0.9943361090332122,0.8694112285910619,2234.0200436922623,63.39477949084996,3.594407827983344,6.0504273470379175,-1.7098506587010704,-0.9760959984663538,0.22992713811244603,5.304258486684012
1986-12-31,2170.703370414159,61.83328107479103,0.8929863210884706,1.4206809635433169,2234.850318773582,64.14694835942281,4.424682909303026,6.352676268603256,-1.6317444459542099,-0.4248262635140987,0.12857735016770427,6.056427355256863
1987-01-31,2170.761197906409,61.65737100550705,0.7301002416950296,2.3153234247021346,2235.463992578313,64.70279467190421,5.0383567140344905,6.176766199319283,-1.5739169537041562,0.4698161976447192,-0.03430872922573667,6.6122736677382665
1987-02-28,2170.790269135861,62.007263855993706,0.8468196916409786,2.944320786471245,2236.5886734699666,65.79840433410592,6.1630376056879985,6.526659049805941,-1.5448457242523754,1.098813559413829,0.08241072072021227,7.7078833299399845
1987-03-31,2170.8098532015338,62.87145333853148,1.1475169605609168,3.8825183127029548,2238.7113418133295,67.90148861179536,8.285705949050623,7.390848532343712,-1.525261658579169,2.0370110856455392,0.38310798964015047,9.810967607629404
1987-04-30,2170.83474533763,63.33976700606981,1.4169316198579718,3.465530966311262,2239.0569749298693,68.22222959223905,8.631339065590494,7.85916219988204,-1.5003695224829945,1.6200237392538464,0.6525226489372054,10.131708588073094
1987-05-31,2170.878765770961,63.292338972849784,2.12963243780812,1.0631296489015705,2237.3638668305202,66.48510105955947,6.938230966241609,7.811734166662015,-1.4563490891522908,-0.7823775781558452,1.3652234668873535,8.394580055393526
1987-06-30,2170.936112814628,61.77918357678619,1.5107779165718067,0.16231332239788973,2234.388387630384,63.452274815755885,3.9627517661049683,6.298578770598421,-1.3990020454853505,-1.6831939046595257,0.7463689456510404,5.361753811589937
1987-07-31,2170.950137555894,58.838175994153396,0.5921712826411113,0.001368080041426072,2230.3818529127298,59.43171535683594,-0.04378295154901079,3.3575711879656285,-1.3849773042193712,-1.8441391470159894,-0.17223768827965497,1.3411943526699863
1987-08-31,2170.942537011706,58.05191090182972,0.2756973438429847,0.00012061608382754985,2229.270265873463,58.327728861756526,-1.1553699908161035,2.5713060956419502,-1.392577848407083,-1.8453866109735881,-0.48871162707778154,0.23720785759058294
1987-09-30,2170.944270324146,57.05000993060152,0.18873551616350398,8.122326801561836e-05,2228.183096994179,57.238826670033035,-2.242538870099801,1.56940512441375,-1.3908445359672839,-1.8454260037894001,-0.5756734547572623,-0.8516943341329104
1987-10-31,2170.9379784696425,56.22638217334584,0.1534734083591868,0.009401057949484513,2227.327235109297,56.38925663965451,-3.0984007549818724,0.7457773671580705,-1.397136390470811,-1.836106169107931,-0.6109355625615794,-1.7012643645114378
1987-11-30,2170.951040614994,58.89906232696184,0.3656982112136983,0.31752289782050014,2230.53332405099,59.58228343599604,0.10768818671106652,3.418457520774071,-1.384074245119416,-1.5279843292369153,-0.39871075970706804,1.4917624318300897
1987-12-31,2171.0040399449927,59.193379935386915,0.477719873025999,1.1210685688360593,2231.7962083222415,60.79216837724898,1.3705724579627763,3.7127751291991475,-1.3310749151206438,-0.7244386582213561,-0.2866890978947673,2.7016473730830266
1988-01-31,2171.0363816731156,59.17201774031827,0.54899612022517,3.92078870371967,2234.6781842373784,63.6418025642631,4.252548373099751,3.691412934130494,-1.2987331869977816,2.075281476662254,-0.21541285069559638,5.551281560097154
1988-02-29,2171.0456558465253,59.53217133261656,0.6397240276380269,5.163892717332085,2236.381443924112,65.33578807758667,5.955808059833026,4.051566526428782,-1.2894590135880872,3.3183854902746694,-0.12468494328273937,7.245267073420714
1988-03-31,2171.0513251244033,60.701381530159566,0.8462879225090736,4.2276151562921225,2236.8266097333644,65.77528460896076,6.400973869085368,5.2207767239717935,-1.283789735709821,2.3821079292347065,0.08187895158830723,7.684763604794808
1988-04-30,2171.060448986462,61.63829487070469,1.3515558961057486,2.937717752743417,2236.9880175060157,65.92756851955386,6.562381641736945,6.157690064516921,-1.2746658736513459,1.0922105256860017,0.5871469251849823,7.837047515387907
1988-05-31,2171.103829720303,62.215541737468975,1.753372585027867,1.495970995547523,2236.5687150383474,65.46488531804437,6.143079174068349,6.734936931281208,-1.2312851398104532,-0.34953623150989227,0.9889636141071009,7.374364313878417
1988-06-30,2171.1707777298066,60.08002705504125,1.4425233310718084,0.15165335018219375,2232.8449814661017,61.674203736295254,2.4193456018229105,4.59942224885348,-1.1643371303067687,-1.6938538768752218,0.6781143601510422,3.583682732129302
1988-07-31,2171.1902483968215,57.20386830337905,0.6069168839807952,8.01090529544777e-05,2229.0011136932344,57.81086529641281,-1.4245221710442635,1.723263497191283,-1.1448664632914953,-1.845427118004461,-0.15749208693997105,-0.2796557077531469
1988-08-31,2171.1746352329988,55.28043853142335,0.2610777047839413,3.6543124891579205e-07,2226.716151834637,55.54151660163854,-3.709484029641689,-0.20016627476442073,-1.1604796271146611,-1.8455068616261665,-0.503331266136825,-2.54900440252741
1988-09-30,2171.1500501949754,54.80048698257875,0.21255488590074634,0.007645349009843725,2226.170737412465,55.02068721748934,-4.254898451813936,-0.6801178236090227,-1.1850646651377146,-1.8378618780475717,-0.55185408502002,-3.0698337866766128
1988-10-31,2171.127262151123,54.18606688274021,0.18183014070535772,0.0002378504429731854,2225.4953970250112,54.36813487388853,-4.930238839267368,-1.2945379234475665,-1.2078527089903404,-1.8452693766144423,-0.5825788302154086,-3.7223861302774153
1988-11-30,2171.0940447657986,54.096727884412786,0.18190747805668528,0.6576735535391744,2226.030353681807,54.936308916008656,-4.395282182471858,-1.3838769217749785,-1.2410700943149588,-1.187833673518241,-0.582501492864081,-3.1542120881572986
1988-12-31,2171.0537209773506,54.45121423367572,0.2631670744246558,1.8203842680220363,2227.588486553473,56.53476557612241,-2.837149310805808,-1.02939057251205,-1.2813938827626339,-0.02512295903537914,-0.5012418964961105,-1.5557554280435373
1989-01-31,2171.0054378125033,54.50220833620536,0.34144751663274464,4.1607435650897475,2230.009837230431,59.00439941792785,-0.415798633847462,-0.9783964699824084,-1.3296770476097477,2.315236338032332,-0.4229614542880217,0.9138784137619044
1989-02-28,2170.9531721622498,55.094643766812524,0.4257368402129128,6.185545635925148,2232.6590984052,61.70592624295058,2.233462540921428,-0.3859610393752438,-1.3819426978635985,4.340038408867734,-0.33867213070785346,3.6154052387846383
1989-03-31,2170.9090115644176,57.34775916468233,0.8193579740949477,4.700320656847215,2233.776449360042,62.8674377956245,3.3508134957633207,1.8671543584945642,-1.4261032956956243,2.8548134297898,0.05494900317418137,4.7769167914585475
1989-04-30,2170.897288176096,58.00250595140728,1.2948173499286117,2.989824709421284,2233.184436186853,62.28714801075717,2.7588003225743756,2.521901145219504,-1.437826684017223,1.1443174823638684,0.5304083790078455,4.19662700659122
1989-05-31,2170.9247847263327,57.5733113012624,1.4174087451677506,1.1861488080989901,2231.101653580862,60.17686885452915,0.676017716583265,2.0927064950746335,-1.4103301337803218,-0.6593584189584254,0.6529997742469844,2.0863478503631945
1989-06-30,2170.949765511975,56.16388091247246,1.2369043419964736,0.13802364889192842,2228.488574415336,57.53880890336087,-1.9370614489428457,0.6832761062846937,-1.3853493481381483,-1.7074835781654871,0.4724953710757071,-0.5517121008050841
1989-07-31,2170.928432908497,53.883736197539804,0.5736414239387152,0.0008020662206209869,2225.3866125961963,54.458179687699136,-5.039023268082553,-1.5968686086479733,-1.406681951616112,-1.8447051608367946,-0.19076754698205117,-3.6323413164668166
1989-08-31,2170.882588859706,53.38811494543793,0.29244179787448177,1.1749464275451967e-06,2224.563146777965,53.68055791825883,-5.862489086313745,-2.092489860749847,-1.4525260004070124,-1.8455060521109878,-0.47196717304628455,-4.409963085907117
1989-09-30,2170.8388540214073,52.48278927079882,0.16461298979078862,0.001354021034518875,2223.4876103030315,52.64875628162413,-6.938025561247255,-2.9978155353889457,-1.4962608387058227,-1.8441532060228967,-0.5997959811299777,-5.441764722541818
1989-10-31,2170.7973417481544,52.31023893712803,0.1693821811325571,0.03441020039424473,2223.3113730668088,52.51403131865482,-7.114262797469885,-3.1703658690597485,-1.5377731119591391,-1.8110970266631707,-0.5950267897882092,-5.576489685511127
1989-11-30,2170.754583552328,52.21445051784098,0.20009428720777234,0.19299447462316768,2223.362122832,52.60753927967192,-7.063513032278691,-3.266154288346786,-1.580531307785058,-1.652512752434248,-0.564314683712994,-5.482981724494025
1989-12-31,2170.704717118685,52.1212268141508,0.2557560902823185,0.9757521909444562,2224.057452214063,53.352735095377575,-6.368183650215888,-3.359377992036972,-1.630397741427908,-0.8697550361129593,-0.5086528806384478,-4.737785908788377
1990-01-31,2170.64424095115,52.24072846877726,0.3439419945625978,1.6312849878546085,2224.8601964023446,54.215955451194475,-5.565439461934233,-3.239876337410508,-1.690873908963136,-0.214222239202807,-0.42046697635816854,-3.874565552971481
1990-02-28,2170.579139110385,52.63156111686964,0.4318348156530544,2.7197322913979254,2226.3622673343057,55.78312822392063,-4.063368529973316,-2.849043689318125,-1.7559757497283675,0.8742250643405098,-0.33257415526771184,-2.3073927802453245
1990-03-31,2170.513168947276,53.89837579605212,0.6141584234077279,3.004686906568484,2228.0303900733047,57.51722112602833,-2.3952457909741947,-1.5822290101356449,-1.821945912836962,1.1591796795110683,-0.15025054751303848,-0.5732998781376126
1990-04-30,2170.4621493520335,55.35839898094522,1.0987196695185475,2.053430746662676,2228.97269874916,58.51054939712644,-1.45293711511883,-0.12220582524255749,-1.872965508079707,0.20792351960526087,0.3343106985977811,0.4200283929604864
1990-05-31,2170.4611306266556,56.188726485235804,1.4541762962699525,1.4280125420361152,2229.5320459501977,59.07091532354187,-0.8935899140810639,0.7081216790480372,-1.873984233457361,-0.4174946850213004,0.6897673253491864,0.9803943193759254
1990-06-30,2170.491624488197,55.29138444036995,1.3355863291433332,0.19425019952054629,2227.3128454572307,56.82122096903384,-3.112790407048104,-0.18922036581781343,-1.843490371916368,-1.6512570275368692,0.5711773582225668,-1.269300035132114
1990-07-31,2170.50114466053,53.68887669759945,0.6920428722239672,0.00026662360994060455,2224.882330853963,54.381186193433365,-5.543305010315603,-1.7917281085883157,-1.8339701995833957,-1.8452406034474749,-0.07236609869679911,-3.7093348107325874
1990-08-31,2170.4813096539588,52.34203245183011,0.3340387955385361,8.409621993678612e-06,2223.15738931095,52.67607965699063,-7.268246553329102,-3.138572354357669,-1.8538052061541739,-1.8454988174354219,-0.4303701753822302,-5.414441347175319
1990-09-30,2170.451979527717,51.8568949771307,0.2329031242118167,0.0025173737297084484,2222.544295002789,52.092315475072226,-7.881340861489689,-3.6237098290570664,-1.8831353323963527,-1.842989853327707,-0.5315058467089496,-5.99820552909372
1990-10-31,2170.433837780266,52.82065669577703,0.34040654005840154,0.06946582970588913,2223.664366845807,53.230529065541326,-6.761269018471687,-2.659948110410737,-1.901277079847446,-1.7760413973515263,-0.4240024308623648,-4.859991938624626
1990-11-30,2170.4371361523235,53.61179143352362,0.4596990483041655,0.41640898982857816,2224.92503562398,54.487899471656355,-5.50060024029875,-1.868813372664151,-1.8979787077895323,-1.4290982372288374,-0.3047099226166008,-3.6026215325095867
1990-12-31,2170.4429015689734,53.839922708548094,0.47995535031317943,1.3953059151951108,2226.1580855430298,55.71518397405639,-4.267550321249027,-1.6406820976396748,-1.8922132911398486,-0.4502013118623048,-0.2844536206075869,-2.375337030109564
1991-01-31,2170.4346728847195,53.862124924329216,0.48552048887162874,3.609698414585473,2228.3920167125057,57.95734382778631,-2.033619151773163,-1.6184798818585624,-1.9004419753939015,1.7641911875280574,-0.2788884820491375,-0.13317717637964055
1991-02-28,2170.4106114097126,54.31881370226861,0.5621823386761432,3.459930328498265,2228.7515377791556,58.340926369443025,-1.6740980851231335,-1.1617911039191575,-1.9245034504005902,1.6144231014408497,-0.20222663224462317,0.2504053652770712
1991-03-31,2170.3878640559674,55.60561895731806,0.7677612137583635,4.087126886111421,2230.8483711131553,60.46050705718785,0.4227352488762668,0.12501415113028913,-1.9472508041460295,2.241619659054005,0.0033522428375971493,2.369986053021894
1991-04-30,2170.3829933843244,56.564234894486276,1.1142089532447237,3.654169586112827,2231.715606818168,61.332613433843825,1.2899709538893704,1.0836300882985013,-1.9521214757888832,1.8086623590554114,0.34979998232395726,3.242092429677872
1991-05-31,2170.4052641998487,57.05507602597754,1.5588071406846966,2.369621616410375,2231.3887689829216,60.98350478307262,0.9631331186426579,1.5744712197897757,-1.9298506602644132,0.5241143893529596,0.7943981697639303,2.8929837789066677
1991-06-30,2170.4884082459043,57.3256047114938,2.086163255722689,0.39173033804839247,2230.291906551169,59.80349830526489,-0.13372931310956157,1.8449999053060366,-1.8467066142088628,-1.453776889009023,1.3217542848019224,1.712977301098938
1991-07-31,2170.5370334217278,54.97408403961682,0.8888365636674328,0.002640667289417022,2226.402594692301,55.865561270573664,-4.023041171977471,-0.5065207665709563,-1.798081438385577,-1.8428665597679983,0.12442759274666654,-2.224959733592286
1991-08-31,2170.532116177722,53.91804122376264,0.3903614868825614,1.6315893774506976e-07,2224.8405190515264,54.308402873804134,-5.585116812752345,-1.5625635824251325,-1.8029986823909157,-1.8455070638984776,-0.37404748403820487,-3.782118130361813
1991-09-30,2170.515319884685,53.69370087915328,0.322945043968666,0.00021540901595743634,2224.532181216823,54.01686133213791,-5.893454647455613,-1.786903927034487,-1.819794975427952,-1.845291818041458,-0.4414639269521003,-4.073659672028043
1991-10-31,2170.4996644864127,52.781910965341794,0.23137442008116083,0.12369261145921928,2223.636642483295,53.136977996882166,-6.788993380983948,-2.6986938408459777,-1.8354503737005523,-1.7218146155981962,-0.5330345508396055,-4.953543007283777
1991-11-30,2170.4802134018096,54.42316462956329,0.32617646609531065,1.3262949191179356,2226.555849416586,56.07563601477653,-3.8697864476924515,-1.0574401766244899,-1.8549014583034156,-0.5192123079394798,-0.4382325048254557,-2.014884989389423
1991-12-31,2170.479842541796,55.26381433405703,0.4522100052763553,2.670499307870254,2228.8663661889996,58.386523647203646,-1.559269675279256,-0.216790472130738,-1.8552723183173354,0.8249920808128385,-0.31219896564441096,0.29600264303769175
1992-01-31,2170.4835048051577,55.343346609618564,0.5130047142041021,4.01078097279601,2230.3506371017766,59.86713229661868,-0.0749987625021642,-0.1372581965692089,-1.8516100549552685,2.165273745738595,-0.25140425671666417,1.776611292452724
1992-02-29,2170.4770852838506,56.03328051583543,0.6103138474727241,4.159033269771054,2231.27971291693,60.80262763307921,0.8540770526511837,0.552675709647659,-1.8580295762624572,2.313526042713639,-0.15409512344804216,2.7121066289132574
1992-03-31,2170.487286717788,57.72611739047668,0.8998866894289507,4.080745698147087,2233.1940364958405,62.70674977805271,2.7684006315617307,2.245512584288906,-1.8478281423254135,2.235238471089672,0.13547771850818438,4.616228773886765
1992-04-30,2170.5405134443413,59.01279503252082,1.5031933276865872,2.7432129846615116,2233.79971478921,63.25920134486892,3.3740789249314282,3.532190226333049,-1.7946014157719212,0.8977057576040961,0.738784356765821,5.168680340702968
1992-05-31,2170.649372330808,59.367098820162056,1.816358478108039,0.6870543944419653,2232.5198840235203,61.870511692712064,2.0942481592416224,3.88649401397429,-1.6857425293048696,-1.1584528326154504,1.0519495071872729,3.7799906885461154
1992-06-30,2170.7653552954393,58.81050352062379,1.4292462921402307,0.055318375752875286,2231.060423483956,60.2950681885169,0.6347876196775056,3.3298987144360233,-1.5697595646738522,-1.7901888513045403,0.6648373212194643,2.2045471843509494
1992-07-31,2170.826371528065,56.831005764501214,0.5409940120230793,0.00013608031539075283,2228.1985073849046,57.37213585683969,-2.2271284793743003,1.3504009583134466,-1.5087433320484276,-1.8453711467420248,-0.22341495889768706,-0.718385147326263
1992-08-31,2170.8502648340627,55.235947867319425,0.28948848322864185,0.0005951736437996253,2226.376296358255,55.526031524191865,-4.0493395060238315,-0.2446569388683424,-1.4848500260501354,-1.844912053413616,-0.47492048769212447,-2.564489479974081
1992-09-30,2170.8594314061334,54.59452832140791,0.2631815834107644,0.0003204001140931977,2225.717461711066,54.85803030493277,-4.708174153212975,-0.8860764847798612,-1.47568345398018,-1.8451868269433223,-0.5012273875100018,-3.2324906992331837
1992-10-31,2170.8570951715806,53.655091538858045,0.19393249437729326,0.017146166104006735,2224.7232653709198,53.86617019933936,-5.7023704933587815,-1.8255132673297187,-1.478019688532586,-1.8283610609534087,-0.5704764765434731,-4.2243508048265985
1992-11-30,2170.847824534301,55.197116035702614,0.29090521559270544,1.2889364451220524,2227.6247822307178,56.77695769641737,-2.800853633560821,-0.2834887704851597,-1.4872903258126131,-0.5565707819353632,-0.47350375532806094,-1.313563307748582
1992-12-31,2170.8420425214035,55.40952180715513,0.4061888290652515,2.8058631465711508,2229.463616304195,58.62157378279153,-0.9620195600838003,-0.07108299903264025,-1.4930723387097484,0.9603559195137352,-0.3582201418555148,0.5310527786255823
1993-01-31,2170.837254167327,56.38938332749178,0.5830370474477391,6.611234729321573,2234.4209092715882,63.58365510426109,3.995273407309695,0.9087785213040077,-1.4978606927858373,4.765727502264157,-0.18137192347302725,5.49313410009514
1993-02-28,2170.875009582629,57.60568014761479,0.7364254384339715,9.475708504570079,2238.6928236732474,67.81781409061884,8.267187808968735,2.125075341427026,-1.4601052774845287,7.630201277512663,-0.02798353248679491,9.727293086452896
1993-03-31,2170.965772711007,59.68721092790776,1.124119003395119,9.57993900384992,2241.35704164616,70.39126893515281,10.931405781881324,4.206606121719999,-1.369342149105921,7.734431776792505,0.35971003247435257,12.30074793098686
1993-04-30,2171.1091043287033,62.49608901047613,2.2247853457617595,7.344507661990785,2243.174486346932,72.06538201822869,12.748850482653319,7.0154842042883665,-1.2260105314097933,5.499000434933369,1.4603763748409933,13.97486101406273
1993-05-31,2171.28620825809,63.1265150709723,2.6542534344629796,4.931081338748327,2241.9980581022737,70.71184984418362,11.572422237994752,7.645910264784539,-1.0489066020232996,3.085574111690911,1.8898444635422136,12.621328840017666
1993-06-30,2171.4887824272655,62.222127822616436,2.9475371574565505,1.3862598284976884,2238.044707235836,66.55592480857067,7.619071371557603,6.741523016428659,-0.8463324328474926,-0.4592473985597273,2.183128186535784,8.465403804404719
1993-07-31,2171.5742869342093,59.04511478062232,1.5541402155993034,0.11846001608905553,2232.2920019465196,60.717715012310684,1.8663660822410453,3.5645099744345514,-0.760827925904079,-1.72704721096836,0.789731244678537,2.6271940081447305
1993-08-31,2171.590299641525,57.21575370222283,0.626372603515877,0.004347640227237502,2229.4367735874907,57.84647394596595,-0.988862276788128,1.7351488960350612,-0.7448152185885102,-1.841159586830178,-0.13803636740488934,-0.2440470582000042
1993-09-30,2171.5890979286587,56.77246422804423,0.43424479513993347,0.0031040501285609337,2228.7989110019716,57.20981307331272,-1.6267248623071875,1.2918594218564579,-0.7460169314543482,-1.8424031769288547,-0.33016417578083285,-0.8807079308532274
1993-10-31,2171.590682089488,57.69678399403331,0.4178137398232508,0.08294493669105009,2229.7882247600355,58.19754267054761,-0.6374111042432755,2.21617918784554,-0.7444327706253222,-1.7625622903663654,-0.3465952310975155,0.107021666381661
1993-11-30,2171.6128477736006,58.441755121314195,0.5128782787389242,0.7719042977072621,2231.339385471361,59.72653769776038,0.913749607082357,2.9611503151264253,-0.7222670865124586,-1.0736029293501534,-0.25153069218184215,1.6360166935944318
1993-12-31,2171.6355737568438,58.46978164370103,0.544595217511419,1.7730259879061445,2232.4229766059625,60.7874028491186,1.9973407416836526,2.9891768375132672,-0.6995411032693775,-0.0724812391512711,-0.21981375340934728,2.6968818449526513
1994-01-31,2171.6414340155748,58.29601253560723,0.5596540703519198,2.4117763238798378,2232.908876945414,61.26744292983899,2.483241081134847,2.8154077294194684,-0.6936808445385745,0.5662690968224219,-0.2047549005688465,3.176921925673046
1994-02-28,2171.6295521044167,58.503985582461304,0.6202520446827021,3.969284780741031,2234.7230745123015,63.09352240788504,4.297438648022769,3.0233807762735365,-0.705562755696708,2.123777553683616,-0.14415692623806425,5.0030014037190895
1994-03-31,2171.611013574915,59.729045539099,0.9506904431179241,3.6541419590221915,2235.944891516154,64.33387794123912,5.519255651875261,4.248440732911231,-0.7241012851982898,1.808634731964776,0.1862814721971577,6.243356937073167
1994-04-30,2171.601692680216,60.618139501716584,1.4551647511159647,3.258183737559159,2236.9331806706077,65.33148799039171,6.507544806328823,5.137534695528807,-0.7334221798973064,1.4126765105017434,0.6907557801951985,7.240966986225751
1994-05-31,2171.6258793432767,61.054031621030965,2.1097876239682116,1.53091035002611,2236.320608938302,64.69472959502528,5.894973074023304,5.5734268148431925,-0.7092355168364176,-0.3145968770313054,1.3453786530474452,6.604208590859334
1994-06-30,2171.6657564565567,58.748796293307024,1.5704355656276123,0.0942395655253569,2232.0792278810163,60.41347142446,1.6535920167375777,3.2681914871192608,-0.6693584035568455,-1.7512676615320588,0.8060265947068457,2.3229504202940503
1994-07-31,2171.657037924741,55.433730111910386,0.5496694098082487,1.7670794941284665e-05,2227.640455117255,55.98341719251358,-2.7851807470241035,-0.04687469427738947,-0.6780769353721118,-1.8454895562624742,-0.21473956111251763,-2.107103811652379
1994-08-31,2171.6183371910333,53.475392846359206,0.19707944771692537,9.72351378906713e-07,2225.290810457461,53.6724732664275,-5.134825406818002,-2.0052119598285674,-0.7167776690799431,-1.8455062547060366,-0.567329523203841,-4.418047737738442
1994-09-30,2171.569598106663,52.9045521491929,0.12292299877624734,0.0004663163790056852,2224.597539571011,53.027941464348146,-5.82809629326786,-2.5760526569948725,-0.7655167534504522,-1.84504091067841,-0.641485972144519,-5.0625795398178
1994-10-31,2171.5336195815585,54.7979761432038,0.19718695688322377,0.17818418391101074,2226.7069668655568,55.173347283998034,-3.7186689987220265,-0.6826286629839735,-0.8014952785544832,-1.6673230431464048,-0.5672220140375426,-2.917173720167919
1994-11-30,2171.531160960852,55.96722332286957,0.35212025462361674,0.9722253625488422,2228.822729900894,57.291568940042026,-1.6029059633847313,0.48661851668180245,-0.8039538992612064,-0.8732818645085734,-0.4122887162971495,-0.7989520641239183
1994-12-31,2171.543375787371,56.684718094046495,0.46115845724160337,2.47884726809841,2231.1680996067576,59.6247238193865,0.7424637424788549,1.2041132878587248,-0.7917390727420869,0.6333400410409944,-0.30325051367916295,1.5342028152205585
1995-01-31,2171.553324185349,57.20804380258555,0.5354795080050891,3.9674660817633525,2233.264313577703,61.71098939235399,2.8386777134243095,1.7274389963977799,-0.7817906747641209,2.1219588547059365,-0.22892946291567717,3.6204683881880415
1995-02-28,2171.56178879849,58.10614113284409,0.6525333057939319,5.038192452060631,2235.3586556891887,63.79686689069866,4.933019824909762,2.6255363266563214,-0.7733260616233183,3.1926852250032156,-0.11187566512683449,5.706345886532704
1995-03-31,2171.589642022973,60.25621851520841,1.1823115311200088,5.654641216079359,2238.6828132853807,67.09317126240778,8.257177421101815,4.77561370902064,-0.7454728371403909,3.809133989021943,0.4179025601992423,9.002650258241827
1995-04-30,2171.658126661112,60.994391226547286,1.4648977053489798,5.27373065901796,2239.391146252026,67.73301959091421,8.965510387747234,5.513786420359512,-0.6769881990014217,3.4282234319605442,0.7004887344282135,9.642498586748273
1995-05-31,2171.7510008075114,62.98138807110876,2.6070234278392745,5.0977347418188685,2242.4371470482783,70.6861462407669,12.011511183999604,7.5007832649209885,-0.5841140526017308,3.252227514761453,1.8426144569185081,12.595625236600952
1995-06-30,2171.917157359371,63.692766265606245,3.3007174177482392,2.4923388889435794,2241.4029799316686,69.48582257229806,10.97734406738993,8.21216145941847,-0.4179575007425601,0.646831661886164,2.536308446827473,11.39530156813211
1995-07-31,2172.0441558031953,61.620581120101946,2.364700262989963,0.44035748749658377,2236.4697946737833,64.42563887058849,6.044158809504894,6.139976313914171,-0.290959056918033,-1.4051497395608317,1.6002912920691967,6.335117866422538
1995-08-31,2172.0803083587734,58.45907735794871,0.9231083674891042,0.02099083658818165,2231.483484920799,59.403176562026,1.0578490565206045,2.97847255176094,-0.25480650133981764,-1.8245163904692339,0.15869939656833776,1.3126555578600463
1995-09-30,2172.085396493176,56.98351869353985,0.41698171176748555,0.003997139197426631,2229.489894037681,57.40449754450476,-0.935741826597706,1.502913887352079,-0.249718366936897,-1.8415100878599888,-0.34742725915328077,-0.6860234596611887
1995-10-31,2172.0833922672346,57.09514976032465,0.3390946732656603,0.050945993557597644,2229.5685826943823,57.48519042714791,-0.8570531698965237,1.614544954136883,-0.2517225928788745,-1.7945612334998178,-0.42531429765510603,-0.6053305770180385
1995-11-30,2172.075015387574,57.069524904578316,0.38763144764555074,0.3520596576272518,2229.8842313974246,57.80921600985113,-0.5414044668539146,1.588920098390553,-0.2600994725394748,-1.4934475694301637,-0.3767775232752156,-0.2813049943148244
1995-12-31,2172.0576382238364,57.10986719896095,0.48717529716488484,0.9918554478762418,2230.6465361678383,58.58889794400207,0.22090030355960602,1.6292623927731733,-0.2774766362768996,-0.8536517791811737,-0.2772336737558815,0.49837693983612025
1996-01-31,2172.029578009848,57.190592740857134,0.5586042698541007,2.7719651540687775,2232.5507401746286,60.521162164780016,2.1251043103495153,1.709987934669369,-0.3055368502649419,0.926457927011362,-0.20580470106666554,2.4306411606140674
1996-02-29,2171.99359688404,57.88769233340715,0.6869813423442711,4.896558487572652,2235.464829047364,63.47123216332407,5.039193183085332,2.4070875272193755,-0.34151797607318385,3.0510512605152367,-0.07742762857649513,5.3807111591581185
1996-03-31,2171.9589498831206,58.86382205545642,0.9763825261130958,5.568670458986876,2237.3678249236773,65.40887504055638,6.942189059398222,3.3832172492686463,-0.3761649769925961,3.7231632319294605,0.21197355519232958,7.3183540363904385
1996-04-30,2171.9355524495018,59.47407340928229,1.684876725142021,4.504265961568327,2237.5987685454943,65.66321609599264,7.173132681215508,3.9934686030945223,-0.3995624106115675,2.658758734510912,0.9204677542212547,7.572695091826691
1996-05-31,2171.9385472381455,59.4087622159504,2.2780996723816034,2.1129566286745782,2235.738365755152,63.79981851700658,5.312729890873254,3.9281574097626257,-0.3965676219677634,0.2674494016171625,1.5136907014608367,5.709297512840626
1996-06-30,2171.9608283981547,58.41141184308241,2.02859981982519,0.29393698451900047,2232.6947770455813,60.733948647426594,2.269141181302696,2.9308070368946373,-0.37428646195834414,-1.5515702425384152,1.2641908489044238,2.6434276432606483
1996-07-31,2171.9414431906243,56.20836418006773,0.9094782724849906,0.006746733919361967,2229.0660323770962,57.12458918647209,-1.359603487182553,0.7277593738799633,-0.39367166948907395,-1.8387604931380535,0.14506930156422432,-0.9659318176938638
1996-08-31,2171.8984253714066,53.780409622833446,0.3354002408877647,9.155828974180503e-08,2226.014235326686,54.1158099552795,-4.411400537592769,-1.7001951833543216,-0.4366894887067046,-1.845507135499126,-0.42900873003300155,-3.974711048886447
1996-09-30,2171.846886958417,53.43034146444447,0.1852776894612161,0.01015264285455426,2225.4726587551772,53.62577179676024,-4.95297710910144,-2.050263341743301,-0.48822790169612695,-1.8353545842028611,-0.5791312814595503,-4.464749207405711
1996-10-31,2171.812569473789,54.35430423558995,0.23539435703018158,0.24281756465973295,2226.645085631069,54.83251615727986,-3.7805502332097323,-1.126300570597822,-0.5225453863240326,-1.6026896623976825,-0.5290146138905847,-3.258004846886087
1996-11-30,2171.800836551061,56.23617833218496,0.4252787638048733,1.2787722277618374,2229.7410658748126,57.94022932375167,-0.6845699894661057,0.7555735259971913,-0.534278309052215,-0.5667349992955782,-0.339130207115893,-0.15029168041427796
1996-12-31,2171.8147602165254,57.66090310334875,0.6259506046530776,3.2587091705716413,2233.3603230950994,61.54556287857348,2.9346872308203804,2.1802982971609826,-0.5203546435875138,1.4132019435142262,-0.13845836626768873,3.455041874407522
1997-01-31,2171.8425310925436,58.29611654268968,0.6975105834170824,6.567567195884414,2237.403725414535,65.56119432199117,6.978089550256195,2.8155117365019047,-0.4925837675694076,4.722059968826999,-0.06689838750368385,7.470673317825222
1997-02-28,2171.866768809763,58.860869599538134,0.732518453955425,8.353885312130574,2239.814042175387,67.94727336562414,9.388406311108218,3.3802647933503684,-0.4683460503503591,6.508378085073159,-0.031890516965341266,9.856752361458188
1997-03-31,2171.889645743774,59.698499693718944,1.0670170833522687,7.7102082786044,2240.3653707994495,68.47572505567561,9.939734935170923,4.217894887531174,-0.445469116339122,5.864701051546984,0.3026081124315023,10.385204051509662
1997-04-30,2171.9321634175203,61.46375054205404,1.998027583956679,6.169152186885794,2241.5630937304168,69.63093031289651,11.137457866138297,5.98314573586627,-0.40295144259265875,4.3236449598283775,1.2336186130359126,11.540409308730563
1997-05-31,2172.0206662776536,62.12746001965481,2.7431260984660137,3.8374850914183147,2240.728737487193,68.70807120953914,10.30310162291426,6.6468552134670364,-0.3144485824593074,1.9919778643608987,1.9787171275452475,10.617550205373185
1997-06-30,2172.1458152700257,61.64398063002988,3.0977305309671395,0.86041205053684,2237.7479384815597,65.60212321153386,7.32230261728103,6.163375823842112,-0.1892995900872961,-0.9850951765205755,2.3333215600463735,7.511602207367912
1997-07-31,2172.191668236487,58.41733921970062,1.3167514309813089,0.041449536521390454,2231.967208423691,59.77554018720332,1.5415725594120555,2.9367344135128493,-0.1434466236257055,-1.804057690536025,0.5523424600605424,1.685019183037369
1997-08-31,2172.2075721166807,58.565164229761834,0.6370439581748786,7.013016932576495e-05,2231.409850434787,59.20227831810604,0.9842145705081647,3.0845594235740648,-0.12754274343231517,-1.8454370968880898,-0.12736501274588777,1.11175731394009
1997-09-30,2172.2388766852782,58.956841025998486,0.5952882221031526,0.0018998148439107543,2231.792905748224,59.55402906294555,1.3672698839451187,3.476236219810718,-0.09623817483487314,-1.8436074122135049,-0.16912074881761374,1.4635080587796017
1997-10-31,2172.3121359812667,60.418430784962354,0.9031872291656334,0.121481160097809,2233.7552351554923,61.44309917422579,3.329599291213622,4.937825978774583,-0.022978878846611078,-1.7240260669596066,0.13877825824486711,3.3525781700598465
1997-11-30,2172.3895887091185,60.54637536389028,0.8393923512345574,0.5667841365092221,2234.3421405607523,61.952551851634055,3.916504696473656,5.065770557702502,0.05447384900516694,-1.2787230905481937,0.07498338031379113,3.8620308474681013
1997-12-31,2172.439404558728,60.70527722199981,0.7737722925285988,1.7128335287203464,2235.6312876019765,63.19188304324875,5.205651737697722,5.224672415812035,0.10428969861453713,-0.13267369833706888,0.009363321607832374,5.1013620390828
1998-01-31,2172.4652152403446,60.77351014976856,0.7453236428386975,2.881887343697972,2236.8659363766496,64.40072113630524,6.440300512370903,5.292905343580797,0.130100380231237,1.0363801166405562,-0.019085328082068906,6.310200132139286
1998-02-28,2172.473615073314,61.09617117503277,0.8386340754386881,4.08614182163418,2238.4945621454194,66.02094707210564,8.068926281140802,5.615566368845,0.13850021320072126,2.2406345945767647,0.07422510451792165,7.930426067939687
1998-03-31,2172.4794231345522,61.931496064264195,1.1823986667031394,4.764413558786241,2240.3577314243057,67.87830828975358,9.932095560026747,6.4508912580764255,0.14430827443873578,2.9189063317288255,0.41798969578237305,9.787787285587626
1998-04-30,2172.505420121737,63.3665902528911,2.1669143274286973,4.097752949915592,2242.136677651972,69.63125753023539,11.71104178769365,7.8859854467033275,0.17030526162384188,2.2522457228581767,1.402505356507931,11.540736526069438
1998-05-31,2172.55890075041,63.11960222206728,2.3645946948181993,2.010119638939612,2240.0532173062347,67.4943165558251,9.627581441956234,7.638997415879509,0.2237858902967068,0.1646124118821963,1.6001857238974329,9.403795551659142
1998-06-30,2172.61876322991,62.01055068192439,2.1455954732292843,0.3609335604831463,2237.135842945547,64.51707971563683,6.710207081268475,6.529945875736622,0.28364836979722363,-1.4845736665742693,1.3811865023085181,6.426558711470874
1998-07-31,2172.639840669582,59.726567897478944,1.1173647628272485,0.014223409984015445,2233.4979967398726,60.858156070290214,3.072360875593798,4.245963091291178,0.30472580946915484,-1.8312838170734,0.3529557919064822,2.767635066124262
1998-08-31,2172.635686088631,58.01515385770207,0.45425816644478806,3.4475265954576183e-07,2231.1050984575304,58.46941236889951,0.679462593251588,2.5345490515142983,0.30057122851764007,-1.845506882304756,-0.3101508044759782,0.37889136473356616
1998-09-30,2172.6214759524514,56.7124925417897,0.2493495788155375,0.0003336768926074485,2229.5836517499492,56.96217579749784,-0.8419841143296241,1.2318877356019282,0.286361092338088,-1.8451735501648079,-0.5150593921052288,-1.1283452066681066
1998-10-31,2172.6166700508024,57.35514761995304,0.2814330711662958,0.08137651533787296,2230.33462725726,57.7179572064572,-0.09100860701891844,1.8745428137652598,0.28155519068945123,-1.7641307117195426,-0.48297589975447053,-0.37256379770875114
1998-11-30,2172.6558930215783,60.28295733486261,0.5563557970273988,0.7610547594468089,2234.2562609129154,61.600367891336816,3.830625048636561,4.802352528674842,0.3207781614653028,-1.0844524676106067,-0.20805317389336753,3.50984688717087
1998-12-31,2172.732334631779,60.37588345517689,0.6379212012900394,0.9928816202522348,2234.7390209084983,62.00668627671917,4.313385044219419,4.895278648989126,0.3972197716658102,-0.8526256068051808,-0.12648776963072694,3.91616527255322
1999-01-31,2172.7797862768325,60.255456339258004,0.6320222336594071,1.9649816622993506,2235.6322465120493,62.85246023521676,5.20661064777048,4.774851533070237,0.44467141671929183,0.11947443524193507,-0.13238673726135922,4.761939231050815
1999-02-28,2172.795330299808,60.46636442181154,0.7128424088061612,3.352078912027084,2237.3266160424528,64.53128574264478,6.900980178174093,4.985759615623771,0.460215439694856,1.5065716849696689,-0.051566562114605065,6.440764738478838
1999-03-31,2172.791105008553,60.426314907678275,0.8324927615655646,3.26416059895121,2237.314073276748,64.52296826819504,6.888437412469236,4.945710101490501,0.45599014843975405,1.4186533718937944,0.06808379064479832,6.432447264029097
1999-04-30,2172.7798675472145,61.03657316839018,1.310986556295518,3.07909475776241,2238.2065220296627,65.4266544824481,7.780886165383734,5.55596836220241,0.4447526871011948,1.2335875307049946,0.5465775853747518,7.336133478282159
1999-05-31,2172.800470436537,62.83766476669745,2.3486293781539294,2.7203938313840363,2240.707158412773,67.90668797623542,10.281522548494143,7.3570599605096785,0.4653555764242809,0.8748866043266209,1.584220407233163,9.816166972069464
1999-06-30,2172.8644781707185,61.62135750008553,2.2546787807019366,0.6685744741774915,2237.409088925683,64.54461075496496,6.9834530614045685,6.140752693897764,0.5293633106051775,-1.176932752879924,1.4902698097811702,6.454089750799012
1999-07-31,2172.889147739553,58.963316403068035,1.2185098623991324,0.008915985250364092,2233.0798899902707,60.19074225071753,2.654254125991929,3.482711596880264,0.554032879439962,-1.8365912418070514,0.4541008914783661,2.1002212465515804
1999-08-31,2172.885931292067,58.180347734681185,0.6740917875784166,5.081234956660121e-07,2231.7403713224503,58.854440030383095,1.3147354581715098,2.699742928493417,0.5508164319539681,-1.84550671893392,-0.0903171833423498,0.7639190262171494
1999-09-30,2172.8911243034663,57.696028861543134,0.4876904517897077,0.0005161336884532971,2231.075359750487,58.184235447021294,0.6497238862086729,2.2154240553553612,0.5560094433529413,-1.8449910933689622,-0.2767185191310586,0.0937144428553425
1999-10-31,2172.892261952047,56.38896197142937,0.27802643849261105,0.005024217814561544,2229.564274579784,56.67201262773654,-0.861361284495051,0.9083571652415969,0.5571470919339796,-1.840483009242854,-0.4863825324281553,-1.4185083764294104
1999-11-30,2172.8753733783183,55.59110971490483,0.21442418642304198,0.06795868062616725,2228.7488659602727,55.87349258195404,-1.6767699040062893,0.1105049087170615,0.5402585182052297,-1.7775485464312482,-0.5499847844977244,-2.217028422211909
1999-12-31,2172.8410704556704,55.49147675901965,0.26292187035855896,0.5665198142297926,2229.1619888992786,56.320918443608,-1.263646965000368,0.01087195283187774,0.5059555955571884,-1.2789874128276228,-0.5014871005622074,-1.7696025605579502
2000-01-31,2172.7926877920927,55.74696687817213,0.38775350070725967,1.6135172488320662,2230.5409254198044,57.74823762771146,0.11528955552541437,0.26636207198436446,0.4575729319795188,-0.23198997822534922,-0.3766554702135067,-0.3422833764544892
2000-02-29,2172.7392067497867,56.63118521106172,0.5557316626067469,2.990092923009022,2232.916216546464,60.177009796677496,2.4905806821852345,1.1505804048739532,0.4040918896733185,1.1445856959516059,-0.20867730831401934,2.0864887925115414
2000-03-31,2172.6890651077174,57.78259642743679,0.7367314887784917,4.207595811040599,2235.4159888349736,62.72692372725588,4.990352970694656,2.3019916212490172,0.3539502476043515,2.3620885839831836,-0.02767748214227472,4.636402723089929
2000-04-30,2172.6599983621277,59.06755031089486,1.2569736621162741,3.277946155425603,2236.2624684905645,63.602470128436735,5.836832626285819,3.586945504707086,0.32488350201465876,1.4324389283681878,0.49256469119550794,5.511949124270783
2000-05-31,2172.682198268426,59.17949124674675,1.9827020775905764,0.9593128991954488,2234.803704491959,62.12150622353277,4.378068627680025,3.6988864405589776,0.34708340831281614,-0.8861943278619667,1.21829310666981,4.030985219366823
2000-06-30,2172.708997440481,57.047326650313515,1.321377513358049,0.047697606799772904,2231.1253992109523,58.41640177047133,0.6997633466737038,1.5667218441257451,0.37388258036793837,-1.7978096202576426,0.5569685424372827,0.3258807663053874
2000-07-31,2172.6836965662274,54.68124957315343,0.5129802955514953,0.0009650631017462452,2227.878891498034,55.19519493180667,-2.546744366244619,-0.799355233034344,0.34858170611427625,-1.8445421639556694,-0.25142867536927105,-2.895326072359282
2000-08-31,2172.6303404279165,52.52620321443758,0.20210738839850445,5.695508112178358e-07,2225.3586516003033,52.7283111723869,-5.066984263975464,-2.9544015917501874,0.29522556780319953,-1.8455066575066044,-0.5623015825222618,-5.362209831779052
2000-09-30,2172.5706471205526,52.4417403116472,0.12749945142967792,0.014055772973555869,2225.1539426566032,52.58329553605043,-5.271693207675636,-3.0388644945405754,0.23553226043949407,-1.8314514540838596,-0.6369095194910883,-5.5072254681155215
2000-10-31,2172.5187044113964,53.23681555479946,0.14238142146096486,0.07222095244718,2225.970122340104,53.45141792870761,-4.455513524174876,-2.243789251388303,0.18358955128308124,-1.7732862746102356,-0.6220275494598014,-4.639103075458338
2000-11-30,2172.50342752291,55.123150366596604,0.256832031461574,1.0760307516076202,2228.959440672576,56.45601314966581,-1.4661951917027396,-0.35745443959116235,0.1683126627970258,-0.7694764754497955,-0.5075769394591922,-1.6345078545001481
2000-12-31,2172.516723789213,55.18542035533413,0.3628358551568186,2.006491609686408,2230.0714716093903,57.554747820177354,-0.3541642548882275,-0.2951844508536414,0.1816089290999841,0.16098438262899273,-0.4015731157639477,-0.5357731839885943
2001-01-31,2172.516357094854,55.23735587348549,0.44542699133692754,2.976129723530631,2231.175269683207,58.658912588353054,0.7496338189280549,-0.2432489327022769,0.18124223474056347,1.1306224964732157,-0.31898197958383884,0.5683915841871019
2001-02-28,2172.5008682308253,55.841902908262625,0.5420687722190857,4.0295447983917585,2232.914384709699,60.41351647887347,2.4887488454199778,0.3612981020748601,0.16575337071207114,2.1840375713343434,-0.22234019870168065,2.3229954747075245
2001-03-31,2172.489414430473,57.559760755035356,0.8066173403227738,4.199222609781172,2235.055015135612,62.56560070513929,4.629379271333541,2.07915594884758,0.15429957035981198,2.353715382723756,0.04220836940200746,4.475079700973346
2001-04-30,2172.515373712581,59.06623704602297,1.434939586901895,3.2080844881703783,2236.224634833676,63.709261121095246,5.7989989693974975,3.5856322398352005,0.18025885246781034,1.3625772611129627,0.6705306159811288,5.6187401169292945
2001-05-31,2172.591630765197,59.323204507221085,1.9841113811916709,1.4131040481622386,2235.312050701772,62.72041993657499,4.886414837493179,3.842599701033313,0.25651590508375427,-0.43240317889517677,1.2197024102709042,4.629898932409043
2001-06-30,2172.6669955251955,56.927400638845576,1.4031900454399253,0.09288766263079502,2231.090473872112,58.42347834691629,0.6648380078330124,1.4467958326578023,0.3318806650822858,-1.7526195644266207,0.638781074519159,0.332957342750343
2001-07-31,2172.6664750042864,54.45739443368145,0.5163954868007001,0.0001070298126467945,2227.640371954581,54.9738969502948,-2.7852639096976413,-1.0232103725063157,0.3313601441731241,-1.845400197244769,-0.24801348412006627,-3.1166240538711483
2001-08-31,2172.6349630399736,53.43046135571474,0.25397831780258534,3.2121735193945905e-07,2226.319403034708,53.684439994734674,-4.106232829570594,-2.0501434504730303,0.29984817986029544,-1.8455069058400635,-0.510430653118181,-4.406081009431272
2001-09-30,2172.5981506422086,52.20023908220805,0.15110011859628356,0.0009337532494605616,2224.9504235962627,52.35227295405379,-5.475212268016296,-3.280365723979724,0.2630357820954733,-1.844573473807955,-0.6133088523244827,-5.73824805011216
2001-10-31,2172.5542180155144,51.61897200450592,0.11872328836239722,0.03256041091903167,2224.3244737193017,51.77025570378734,-6.101162144977129,-3.861632801681856,0.2191031554011,-1.812946816138384,-0.6456856825583691,-6.3202653003786065
2001-11-30,2172.503544143351,51.623046021173884,0.15285774602879337,0.28717368062173454,2224.566621591175,52.06307744782441,-5.859014273103468,-3.8575587850138864,0.1684292832376842,-1.558333546435681,-0.611551224891973,-6.027443556341538
2001-12-31,2172.448485175745,52.12902853604522,0.23370001782326497,2.265656557034535,2227.0768702866485,54.62838511090302,-3.3487655776302985,-3.3515762701425538,0.1133703156322594,0.42014932997711935,-0.5307089530975013,-3.4621358932629342
2002-01-31,2172.3879397674605,52.3812089069384,0.3261228130649315,2.6037905603595037,2227.699062047823,55.31112228036283,-2.7265738164554882,-3.0993958992493704,0.05282490734723169,0.7582833333020885,-0.4382861578558348,-2.779398723803115
2002-02-28,2172.3251980510895,52.43148208391746,0.3759180634946294,2.709985451316284,2227.842583649818,55.51738559872837,-2.5830522144605705,-3.0491227222703117,-0.009916809023376941,0.8644782242588684,-0.3884909074261369,-2.573135405437578
2002-03-31,2172.2572168823745,52.81200505483897,0.4634731043725994,2.874078233465288,2228.406773275052,56.14955639267686,-2.0188625892271053,-2.6685997513488022,-0.07789797773841595,1.0285710064078724,-0.3009358665481669,-1.9409646114890944
2002-04-30,2172.1914319015464,53.876946233812305,0.8480120391379947,1.151395515406077,2228.067785689903,55.87635378835637,-2.3578501743760563,-1.60365857237547,-0.14368295856685903,-0.6941117116513383,0.0836030682172284,-2.2141672158095775
2002-05-31,2172.152657502496,53.54495046933493,0.9227444632759424,0.38644246331381144,2227.0067948984206,54.85413739592469,-3.4188409658581977,-1.9356543368528416,-0.18245735761730497,-1.459064763743604,0.1583354923551761,-3.236383608241267
2002-06-30,2172.1092890416853,51.70422043753955,0.6017055073938922,0.01552733718350089,2224.4307423238024,52.32145328211694,-5.994893540476342,-3.776384368648226,-0.22582581842771737,-1.8299798898739148,-0.1627034635268742,-5.769067722049012
2002-07-31,2172.0385605112406,49.47906390787783,0.31286415794415484,1.2380401683231804e-06,2221.8304898151027,49.791929303862155,-8.59514604917623,-6.0015408983099405,-0.2965543488728055,-1.8455059890172474,-0.45154481297661153,-8.298591700303797
2002-08-31,2171.946613877996,48.12969262859094,0.1491373464199998,3.166347618464707e-11,2220.2254438530385,48.2788299750426,-10.200192011240269,-7.350912177596837,-0.38850098211731077,-1.845507227025752,-0.6152716245007664,-9.811691029123354
2002-09-30,2171.8556421480835,49.148723727411706,0.0900623673994036,0.001298405002448831,2221.095726647897,49.240084499813555,-9.32990921638165,-6.33188107877607,-0.4794727120296342,-1.8442088220549666,-0.6743466035213628,-8.850436504352398
2002-10-31,2171.8067412271716,50.70150949447522,0.10042814312503903,0.09713599275521916,2222.705814857527,50.899073630355474,-7.719821006751737,-4.779095311712554,-0.5283736329416419,-1.7483712343021962,-0.6639808277957273,-7.191447373810476
2002-11-30,2171.78996850157,51.566819530504056,0.14853219615010624,1.0519105616212285,2224.5572307898456,52.7672622882754,-5.868405074433312,-3.913785275683708,-0.5451463585431434,-0.7935966654361871,-0.6158767747706602,-5.323258715890553
2002-12-31,2171.7819603279454,51.87155310624749,0.22952380597007993,1.5178396648567627,2225.40087690502,53.618916577074344,-5.0247589592587385,-3.609051699940275,-0.5531545321675088,-0.3276675622006528,-0.5348851649506864,-4.471604427091613
2003-01-31,2171.7650994859364,51.98213950467158,0.33919643595935456,2.1590935135593394,2226.2455289401264,54.48042945419027,-4.180106924152335,-3.4984653015161893,-0.5700153741770433,0.3135862865019236,-0.4252125349614117,-3.6100915499756754
2003-02-28,2171.7356077076834,52.463809605577765,0.4506449759573943,2.5916753498161578,2227.241737639035,55.50612993135131,-3.1838982252438317,-3.016795200610011,-0.5995071524295762,0.746168122758742,-0.31376399496337204,-2.584391072814639
2003-03-31,2171.7056881338094,54.04772064281533,0.6556812132602106,3.730297423137892,2230.1393874130226,58.43369927921343,-0.28624845125615755,-1.4328841633724418,-0.6294267263040348,1.884790196080476,-0.10872775766055581,0.34317827504748055
2003-04-30,2171.704759152744,54.93953070212345,0.919926676390998,3.229970058734269,2230.7941865899925,59.08942743724871,0.36855072571379865,-0.5410741040643289,-0.6303557073693418,1.3844628316768537,0.1555177054702317,0.9989064330827587
2003-05-31,2171.7369308093957,55.52235916595502,1.3608570262436288,2.2651493698016156,2230.8852963713957,59.14836556200027,0.45966050711722384,0.041754359767250906,-0.5981840507174626,0.4196421427442001,0.5964480553228626,1.0578445578343154
2003-06-30,2171.8155716634906,54.59483938376492,1.5805726019449649,0.22998380699731508,2228.2209674561977,56.405395792707196,-2.2046684080810173,-0.885765422422849,-0.5195431966226453,-1.6155234200601003,0.8161636310241983,-1.6851252114587487
2003-07-31,2171.8383421063836,52.19869969231069,0.7103668207161975,0.003447832783880447,2224.7508564521945,52.91251434581077,-5.674779412084512,-3.281905113877076,-0.496772753729723,-1.842059394273535,-0.054042150204568755,-5.178006658355178
2003-08-31,2171.804957949036,50.47113285307532,0.25729162869949457,7.665025933259955e-05,2222.5334590810703,50.72850113203414,-7.892176783208317,-5.009471953112455,-0.5301569110768839,-1.845430576798083,-0.5071173422212718,-7.362019872131808
2003-09-30,2171.7612235929028,51.038179573962275,0.19513573332854878,0.007207201594235139,2223.001746101788,51.24052250888506,-7.423889762490773,-4.442425232225499,-0.5738912672102698,-1.8383000254631803,-0.5692732375922176,-6.849998495280895
2003-10-31,2171.736509671845,50.58054053967496,0.14939591788292883,0.008439275724179244,2222.4748854051268,50.73837573328207,-7.9507504591520535,-4.9000642665128025,-0.5986051882685672,-1.8370679513332364,-0.6150130530378375,-7.352145270883875
2003-11-30,2171.7080302781396,50.904869152206565,0.18496228210179966,1.0887769149634032,2223.8866386274117,52.17860834927177,-6.538997236867272,-4.575735653981204,-0.6270845819734827,-0.7567303120940123,-0.5794466888189667,-5.911912654894181
2003-12-31,2171.674694054151,51.411880629401466,0.25834664232521604,1.855018671794519,2225.1999399976726,53.525245943521206,-5.22569586660638,-4.068724176786297,-0.6604208059620326,0.009511444737103449,-0.5060623285955503,-4.565275060644742
2004-01-31,2171.6341569005467,51.60937151500097,0.33826585392350283,3.90967961048219,2227.4914738799534,55.85731697940667,-2.9341619843255433,-3.871233291186797,-0.7009579595666351,2.0641723834247743,-0.4261431169972634,-2.2332040247592837
2004-02-29,2171.586433811725,51.92688159954426,0.40906089524999034,4.5605497033892615,2228.4829260099086,56.896492198183516,-1.9427098543701269,-3.553723206643508,-0.7486810483880739,2.715042476331846,-0.355348075670776,-1.1940288059824358
2004-03-31,2171.5395657174427,53.598446449373945,0.6469141926051204,4.003679808257796,2229.78860616768,58.24904045023686,-0.6370296965990133,-1.882158356813822,-0.7955491426703266,2.1581725812003807,-0.11749477831564588,0.15851944607091478
2004-04-30,2171.543128225025,55.84012970364888,1.2327842035637566,2.2273939418543782,2230.843436074092,59.30030784906701,0.41780020981361,0.3595248974611049,-0.7919866350878244,0.3818867147969625,0.4683752326429903,1.2097868449010596
2004-05-31,2171.608517697673,55.854462143425394,1.3115729058893237,1.1136246985295073,2229.888177445517,58.27965974784423,-0.5374584187614716,0.3738573372376266,-0.7265971624401389,-0.7318825285279082,0.5471639349685574,0.18913874367827807
2004-06-30,2171.6730055893863,54.232610182215446,1.1415630449338818,0.14274686636022185,2227.189925682896,55.516920093509555,-3.235710181382715,-1.2479946239723227,-0.6621092707267034,-1.702760360697194,0.37715407401311557,-2.573600910656399
2004-07-31,2171.6833551037225,52.56186467183135,0.6489988753092744,0.002117230928978237,2224.896335881792,53.21298077806961,-5.529299982486737,-2.9187401343564146,-0.6517597563907915,-1.8433899961284372,-0.11541009561149197,-4.877540226096341
2004-08-31,2171.6551448219134,50.95647213277792,0.31385735956575145,7.391986366167699e-05,2222.9255482341205,51.27040341220733,-7.50008763015841,-4.524132673409853,-0.6799700382001735,-1.8454333071937536,-0.4505516113550149,-6.820117591958619
2004-09-30,2171.6142421898667,51.246764243422454,0.22846742224489608,0.027147834073226646,2223.116621689607,51.50237949974058,-7.309014174671727,-4.233840562765317,-0.7208726702467421,-1.8183593929841888,-0.5359415486758703,-6.588141504425374
2004-10-31,2171.597248313998,52.91654086693873,0.3488568948949377,0.22728317538075193,2225.0899292512127,53.492680937214416,-5.335706613066041,-2.5640639392490425,-0.7378665461149024,-1.6182240516766635,-0.4155520760258286,-4.597840066951533
2004-11-30,2171.632589973705,55.22638496333859,0.5354303965642757,1.0208822529341455,2228.4152875865416,56.78269761283701,-2.01034827773712,-0.2542198428491763,-0.7025248864085648,-0.8246249741232701,-0.22897857435649063,-1.3078233913289348
2004-12-31,2171.723508606088,55.84082431862486,0.6016117437455235,2.3114056249601362,2230.477350293419,58.75384168733053,0.05171442914005545,0.3602195124370985,-0.6116062540249168,0.46589839790272103,-0.16279722717524278,0.6633206831645788
2005-01-31,2171.817325245379,57.30467837099966,0.7479191880081139,5.107664412853252,2234.97758721724,63.160261971861026,4.551951352961051,1.824073564811887,-0.5177896147344241,3.2621571857958362,-0.01648978291265239,5.069740967695073
2005-02-28,2171.9309802689686,58.55184933194379,0.867607601296511,6.271709312134258,2237.6221465143435,65.69116624537457,7.196510650064596,3.0712445257560255,-0.40413459114439626,4.426202085076842,0.1031986303757448,7.600645241208616
2005-03-31,2172.054107390213,59.561299185588595,0.9586773274110048,6.129215926557605,2238.70329982977,66.6491924395572,8.277663965491515,4.08069437940082,-0.28100746990012354,4.283708699500189,0.19426835649023835,8.55867143539125
2005-04-30,2172.162398804038,60.51320491776996,1.4786187104416848,5.176033348260654,2239.33025578051,67.16785697647231,8.90461991623137,5.032600111582196,-0.1727160560753734,3.330526121203239,0.7142097395209185,9.077335972306356
2005-05-31,2172.290559733223,61.57340866006275,2.34246448560318,3.163213280406314,2239.3696461592954,67.07908642607224,8.944010295016538,6.092803853874979,-0.04455512689014235,1.3177060533488982,1.578055514682414,8.988565421906292
2005-06-30,2172.4565747977895,60.74981595293598,2.4215507486062324,0.727757824009068,2236.355699323341,63.89912452555128,5.930063459061954,5.269211146748212,0.12145993767625088,-1.1177494030483477,1.6571417776854658,5.808603521385332
2005-07-31,2172.5309714016425,57.36309019188774,1.087025394687665,0.025567830545693997,2231.0066548187638,58.4756834171211,0.5810189544849524,1.8824853856999708,0.19585654152943013,-1.8199393965117217,0.3226164237668985,0.38516241295514997
2005-08-31,2172.542679530654,55.52249620629098,0.37777816591200575,1.0455280740154423e-05,2228.4429643581375,55.90028482748374,-1.9826715061410658,0.04189140010321653,0.20756467054077066,-1.8454967717766755,-0.3866308050087605,-2.1902361766822174
2005-09-30,2172.5398204891285,54.36353676316814,0.17856815169067544,0.0011490350356103257,2227.0830744390228,54.54325394989443,-3.342561425256095,-1.1170680430196276,0.2047056290150503,-1.8443581920218053,-0.5858408192300909,-3.5472670542715212
2005-10-31,2172.5331197989535,55.31904126520515,0.2697841011855438,0.022147516820785498,2228.144092682165,55.61097288321149,-2.2815431821136447,-0.16156354098261455,0.1980049388404384,-1.8233597102366301,-0.4946248697352225,-2.479548120954465
2005-11-30,2172.5389513337964,55.893074678952495,0.3902347612916335,0.33946446324909996,2229.16172523729,56.62277390349323,-1.2639106269889775,0.4124698727647276,0.2038364736833513,-1.5060427638083156,-0.3741742096291328,-1.4677471006727187
2005-12-31,2172.5438285664795,55.90775821916567,0.4344998433057236,1.7626586374000974,2230.648745266351,58.104916699871495,0.22310940207219107,0.4271534129779029,0.20871370636626807,-0.08284858965731792,-0.3299091276150427,0.014395695705544536
2006-01-31,2172.5326536988387,55.999902941668715,0.5006273027671891,3.031387316016285,2232.064571259291,59.53191756045219,1.6389353950123298,0.5192981354809494,0.19753883872570402,1.1858800889588694,-0.2637816681535772,1.4413965562862439
2006-02-28,2172.5063778769186,56.05667507212659,0.5493234046975696,3.9713443756807796,2233.0837207294235,60.57734285250494,2.658084865144669,0.5760702659388193,0.17126301680530429,2.125837148623364,-0.21508556622319674,2.486821848338989
2006-03-31,2172.4699548977337,56.74577764413269,0.769478758860613,4.2638053451792475,2234.249016645906,61.77906174817254,3.8233807816273915,1.2651728379449105,0.13484003762040916,2.4182981181218315,0.00506978793984664,3.688540744006591
2006-04-30,2172.445892587028,58.35460499790209,1.6125187852906449,3.314243077018957,2235.72725944724,63.28136686021169,5.301623582961238,2.874000191714321,0.110777726915113,1.468735849961541,0.8481098143698784,5.190845856045742
2006-05-31,2172.4679384571996,57.8002470820611,1.9267480293809458,1.0724185583420187,2233.267352126984,60.799413669784066,2.841716262704874,2.3196422758733286,0.1328235970863771,-0.7730886687153968,1.1623390584601796,2.7088926656181136
2006-06-30,2172.482149415067,55.5502956429792,1.288827056757222,0.04212581791183833,2229.363397932715,56.88124851764826,-1.0622379315634445,0.06969083679142474,0.14703455495387502,-1.803381409145577,0.5244180858364555,-1.2092724865176947
2006-07-31,2172.4485218484574,53.62690436692433,0.480065194399778,4.9094137078096664e-05,2226.5555405039186,54.107018655461175,-3.8700953603600126,-1.8537004392634473,0.11340698834438047,-1.8454581329203374,-0.2843437765209883,-3.983502348704771
2006-08-31,2172.399862195938,52.58247364650339,0.21848549116720742,1.2319827258889354e-06,2225.2008225655914,52.80096036965331,-5.224813298687349,-2.8981311596843886,0.06474733582490871,-1.8455059950746895,-0.5459234797535589,-5.289560634512635
2006-09-30,2172.356431604714,52.66858248303308,0.17976067402836218,0.025393236882146796,2225.2301679986576,52.873736393943595,-5.195467865621448,-2.812022323154688,0.021316744600534954,-1.8201139901752688,-0.5846482968924042,-5.2167846102223585
2006-10-31,2172.358584036677,56.37438387096752,0.5187737030898624,0.13390228470268456,2229.385643895437,57.027059858760076,-1.0399919688418873,0.8937790647797549,0.023469176563594374,-1.7116049423547308,-0.24563526783090392,-1.0634611454058778
2006-11-30,2172.459602598951,57.39183428982835,0.6040501886538935,0.45045571070944324,2230.905942788142,58.44634018919169,0.48030692386352536,1.9112294836405779,0.12448773883741385,-1.3950515163479724,-0.16035878226687283,0.35581918502573484
2006-12-31,2172.5367390858105,57.289500620866086,0.5637209305293955,1.371445624194287,2231.7614062614007,59.224667175589765,1.3357703971217727,1.8088958146783123,0.20162422569755872,-0.47406160286312876,-0.2006880403913708,1.134146171423815
2007-01-31,2172.5707590423963,57.44840868987079,0.590550692246815,2.3286907284175635,2232.9384091529314,60.367650110535166,2.512773288652715,1.9678038836830152,0.23564418228311884,0.4831835013601477,-0.17385827867395126,2.277129106369214
2007-02-28,2172.576870794916,57.80947934838791,0.6823161962385382,2.4847029207771816,2233.5533692603194,60.97649846540363,3.1277333960408322,2.3288745422001447,0.24175593480277277,0.639195693719766,-0.08209277468222803,2.8859774612376845
2007-03-31,2172.5701245418995,58.35754591400577,1.033153669267007,2.294114757957166,2234.25493888313,61.684814341229945,3.8293030188509793,2.876941107818001,0.23500968178659212,0.44860753089975036,0.2687446983462406,3.594293337063994
2007-04-30,2172.5737340444693,58.98648088206834,1.474037431981777,1.3559452288366751,2234.390197587356,61.816463542886794,3.964561723077169,3.5058760758805754,0.23861918435592883,-0.4895619982207405,0.7096284610610107,3.725942538720848
2007-05-31,2172.5936031138253,58.913728116859126,1.4716076933765434,0.5283272446884473,2233.5072661687495,60.913663054924115,3.081630304470923,3.433123310671355,0.258488253712368,-1.3171799823689683,0.7071987224557773,2.823142050758166
2007-06-30,2172.607550023958,56.57809387168474,0.9185259243351098,0.03519876319453623,2230.1393685831727,57.531818559214386,-0.28626728110600275,1.0974890654969751,0.2724351638451613,-1.8103084638628792,0.1541169534143434,-0.5587024449515587
2007-07-31,2172.583351657634,53.48419076002661,0.3423877329817073,0.0,2226.409930150642,53.82657849300831,-4.015705713636704,-1.9964140461611595,0.24823679752053887,-1.8455072270574153,-0.422021237939059,-4.263942511157632
2007-08-31,2172.5428665974646,52.59700059178916,0.163718960550542,1.2486440699300937e-06,2225.3035873984486,52.76072080098376,-5.122048465830183,-2.883604214398615,0.20775173735162775,-1.8455059784133456,-0.6006900103702243,-5.329800203182183
2007-09-30,2172.50637930281,52.173131165514604,0.10681378843781367,0.0020008014195035356,2224.7883250581817,52.28194575537193,-5.637310806096962,-3.307473640673161,0.17126444269668595,-1.8435064256379121,-0.6575951824829527,-5.808575248794024
2007-10-31,2172.487764621757,53.77660765345149,0.19383247487206381,0.05215392069406327,2226.510358670774,54.02259404901763,-3.915277193504341,-1.7039971527362752,0.15264976164360605,-1.7933533063633522,-0.5705764960487025,-4.067926955148328
2007-11-30,2172.486607689346,53.333279046075354,0.23503911468724759,0.04170232742535981,2226.096628177534,53.61002048818796,-4.329007686744924,-2.147325760112414,0.15149282923267468,-1.8038048996320557,-0.5293698562335187,-4.480500515977986
2007-12-31,2172.4792022512174,54.68599279627838,0.37679516391518525,2.6715448986599943,2230.2135351100706,57.734332858853556,-0.21210075420805014,-0.7946120099093942,0.14408739110395893,0.8260376716025788,-0.38761380700558107,-0.3561881453123941
2008-01-31,2172.4766831103266,55.07855574138864,0.4581459453919856,5.372423232613946,2233.385808029721,60.90912491939458,2.960172165442187,-0.40204906479912383,0.14156825021317945,3.526916005556531,-0.30626302552878076,2.8186039152286284
2008-02-29,2172.470555203413,55.56084195461105,0.5439076021258477,8.312124614251085,2236.887429374401,64.41687417098798,6.461793510122193,0.08023714842328458,0.1354403432997733,6.466617387193668,-0.2205013687949187,6.326353166822037
2008-03-31,2172.469031202413,56.77830151468591,0.7114796773053793,7.844726903603125,2237.8035392980078,65.33450809559442,7.377903433728647,1.2976967084981346,0.1339163422998041,5.999219676545709,-0.05292929361538708,7.243987091428459
2008-04-30,2172.4813476608642,58.00215565867666,1.2102823498003903,6.404336421366068,2238.0981220907074,65.61677442984312,7.672486226428498,2.5215508524888897,0.1462328007509402,4.558829194308652,0.4458733788796239,7.526253425677169
2008-05-31,2172.5324733848365,58.78328639427081,2.0842151280397156,3.5626490095261683,2236.9626239166732,64.43015053183669,6.536988052394597,3.3026815880830376,0.1973585247234782,1.717141782468753,1.3198061571189492,6.339629527670741
2008-06-30,2172.648636168612,58.56602368654757,2.3471609728146667,0.7053976444877015,2234.267218472462,61.618582303849934,3.8415826081832107,3.085418880359794,0.313521308498836,-1.140109582569714,1.5827520018939,3.5280612996839817
2008-07-31,2172.6937469271907,55.49773917384745,0.9941383258309627,0.017709724282265606,2229.2033341511515,56.50958722396068,-1.222301713127499,0.01713436765967635,0.3586320670773901,-1.82779750277515,0.22972935491019641,-1.580933780205275
2008-08-31,2172.6774645691657,53.63141662749552,0.35213881136714326,9.692195569661709e-05,2226.661116929984,53.983652360818354,-3.7645189342944247,-1.849188178692249,0.34234970905277934,-1.8454103051017188,-0.4122701595536231,-4.106868643347589
2008-09-30,2172.6473395760254,53.07870736469853,0.18795294013169175,0.0006389473611972887,2225.914638828217,53.26729925219142,-4.510997036061954,-2.401897441489234,0.3122247159121811,-1.8448682796962184,-0.5764560307890746,-4.823221751974525
2008-10-31,2172.6139588038955,52.880447291958,0.1521614116520945,0.023362781138418533,2225.669930288644,53.055971484748504,-4.755705575634638,-2.6001575142297715,0.2788439437824128,-1.822144445918997,-0.6122475592686718,-5.034549519417438
2008-11-30,2172.578758665462,52.89449782497405,0.19426983837222675,0.1886402486342468,2225.8561665774423,53.27740791198052,-4.569469286836563,-2.5861069812137174,0.24364380534847088,-1.6568669784231687,-0.5701391325485395,-4.813113092185424
2008-12-31,2172.540389305616,53.515042460935504,0.30306152034086514,1.8975388601274639,2228.2560321470196,55.715642841403834,-2.169603717259149,-1.9655623452522648,0.20527444550260565,0.05203163307004828,-0.4613474505799011,-2.3748781627621156
2009-01-31,2172.4994858767136,54.04167516931368,0.42157941590816894,4.490860652964107,2231.4536011149,58.95411523818595,1.0279652506211097,-1.4389296368740951,0.16437101660073522,2.6453534259066913,-0.34282955501259743,0.863594234020001
2009-02-28,2172.46294827585,55.068242346980796,0.5410330149952335,4.807622414589308,2232.8798460524154,60.416897776565335,2.4542101881365985,-0.41236245920697795,0.1278334157368306,2.962115187531893,-0.2233759559255329,2.3263767723993842
2009-03-31,2172.437207501851,55.90633337225843,0.7879529095088847,4.076227376176696,2233.207721159795,60.770513657944015,2.782085295516021,0.42572856607066584,0.10209264173757705,2.230720149119281,0.02354393858811838,2.6799926537780676
2009-04-30,2172.426165347897,56.97712165478311,1.2590382714928734,4.240833555711656,2234.903158829885,62.476993481987634,4.477522965605924,1.4965168485953366,0.09105048778385101,2.3953263286542406,0.494629300572107,4.3864724778216875
2009-05-31,2172.4596786268435,57.965597268294935,2.1903865088600454,1.8598338676940978,2234.475496271693,62.01581764484908,4.049860407413837,2.484992462107166,0.12456376673033016,0.014326640636682283,1.425977537939279,3.925296640683129
2009-06-30,2172.534317393834,58.09216265105155,2.1183139925980417,0.21066953455475532,2232.9554635720388,60.421146178204346,2.529827707759822,2.6115578448637784,0.19920253372103186,-1.6348376925026602,1.3539050216772754,2.3306251740383956
2009-07-31,2172.5654266185024,55.989647125265904,1.016996372020285,0.0026470367293928783,2229.574717152518,57.00929053401559,-0.8509187117604876,0.509042319078142,0.23031175838949972,-1.8428601903280226,0.25258740109951866,-1.08123047015036
2009-08-31,2172.559687061235,53.457818264014925,0.34226548002727497,1.4794592387904426e-06,2226.3597722847367,53.80008522350144,-4.065863579542206,-2.0227865421728444,0.2245722011219153,-1.8455057475981766,-0.42214349089349135,-4.29043578066451
2009-09-30,2172.5283052815785,52.14840953585877,0.1524908304008645,0.0006174055267763839,2224.8298230533646,52.30151777178641,-5.595812810914104,-3.3321952703290005,0.19319042146504128,-1.844889821530639,-0.6119181405199018,-5.789003232379539
2009-10-31,2172.4869255053286,52.33346128017781,0.13104843148704137,0.10339664573253952,2225.054831862726,52.56790635739738,-5.370804001552953,-3.1471435260099665,0.15181064521522897,-1.742110581324876,-0.633360539433725,-5.522614646768566
2009-11-30,2172.4450244045142,52.799979286913,0.18325932740475678,0.23902248078423874,2225.6672854996164,53.222261095102,-4.758350364662514,-2.6806255192747677,0.1099095444010503,-1.6064847462731768,-0.5811496435160095,-4.868259909063952
2009-12-31,2172.4011664644245,52.9844019353705,0.2708954797861086,1.7855595396994066,2227.4420234192808,55.04085695485602,-2.983612444998235,-2.4962028708172737,0.06605160431131273,-0.059947687358008823,-0.49351349113465764,-3.049664049309938
2010-01-31,2172.3516221688174,53.28575941217855,0.3934299256008237,3.461455529856434,2229.4922670364535,57.1406448676358,-0.933368827825449,-2.1948453940092225,0.01650730870431849,1.6159483027990185,-0.3709790453199426,-0.9498761365301448
2010-02-28,2172.3137792575094,54.35385907494496,0.5201622702911396,5.076353522512006,2232.2641541252574,59.9503748677481,1.8385182609786732,-1.1267457312428153,-0.021335602603865515,3.23084629545459,-0.24424670062962667,1.8598538635821502
2010-03-31,2172.3165912395666,56.16703326707848,0.7051716143909418,5.064113550555737,2234.252909671592,61.93631843202516,3.827273807312996,0.6864284608907147,-0.018523620546586725,3.2186063234983213,-0.05923735652982451,3.8457974278592135
2010-04-30,2172.3740476245193,58.15172807922509,1.1825784969325206,3.6361309133076536,2235.344485113985,62.970437489465255,4.918849249705924,2.671123273037315,0.03893276440623039,1.790623686250238,0.4181695260117543,4.87991648529931
2010-05-31,2172.469498274025,59.12187093483012,1.7763667634982157,1.9869641623098013,2235.3547001346633,62.885201860638134,4.929064270384562,3.6412661286423518,0.13438341391198724,0.1414569352523857,1.0119577925774492,4.794680856472189
2010-06-30,2172.57717523359,58.08927685912283,1.8375974380230151,0.20522112445165308,2232.709270655187,60.1320954215975,2.2836347909085393,2.608672052935064,0.24206037347659617,-1.6402861026057625,1.0731884671022487,2.0415744174315527
2010-07-31,2172.620491526135,55.380203978205415,0.7954451746318537,0.0007021765709215968,2228.7968428555437,56.17635132940819,-1.6287930087351834,-0.10040082798235472,0.2853766660221913,-1.844805050486494,0.031036203711087434,-1.914169674757759
2010-08-31,2172.6193458924554,54.74433309482853,0.31059885240363816,1.0632513816876588e-06,2227.674278902939,55.054933010483545,-2.751356961339737,-0.736271711359247,0.2842310323422871,-1.8455061638060337,-0.45381011851712816,-3.0355879936824066
2010-09-30,2172.6148874749047,53.221305894044384,0.14603195897741164,0.0002283640716716339,2225.982453691998,53.367566217093476,-4.443182172280715,-2.2592989121433837,0.2797726147913857,-1.845278862985744,-0.6183770119433547,-4.72295478707248
2010-10-31,2172.6041049495943,53.63754422903029,0.1429699309536599,0.07358563658902836,2226.458204746167,53.85409979657298,-3.9674311181114685,-1.8430605771574833,0.2689900894811272,-1.7719215904683874,-0.6214390399671064,-4.236421207592976
2010-11-30,2172.6132007793963,54.78785486881692,0.2608551874750371,0.6085788411527923,2228.270489676841,55.65728889744476,-2.1551461874377162,-0.6927499373708405,0.2780859192830854,-1.2369283859046232,-0.5035537834457292,-2.4332321067211904
2010-12-31,2172.623343813409,55.38288430028671,0.40161050875602267,2.429933931741537,2230.8377725541936,58.21442874078428,0.41213668991470387,-0.09772050590105695,0.28822895329598924,0.5844267046841214,-0.36279846216474365,0.12390773661832279
2011-01-31,2172.626957579987,56.18256769382661,0.5374868084979548,5.329068382584578,2234.676080464896,62.04912288490915,4.250444600617471,0.701962887638846,0.29184271987389393,3.4835611555271617,-0.22692216242281144,3.9586018807431986
2011-02-28,2172.6248432453317,56.38728361279134,0.573083521678315,5.937143977190167,2235.5223543569914,62.897511111659824,5.096718492712691,0.9066788066035757,0.2897283852184224,4.091636750132751,-0.19132544924245126,4.806990107493878
2011-03-31,2172.6150831821874,57.33785815181875,0.7826805877314095,6.104062854356942,2236.839684776094,64.2246015939071,6.4140489118156285,1.8572533456309805,0.27996832207409583,4.258555627299527,0.018271616810643165,6.134080589741154
2011-04-30,2172.620020000128,58.69794401257832,1.6512319490210505,5.118789706135725,2238.087985667863,65.4679656677351,7.66234980358444,3.217339206390549,0.28490514001490763,3.273282479078309,0.8868229781002842,7.377444663569143
2011-05-31,2172.6746580446943,59.98167158760721,2.33500165755926,4.093219722510104,2239.084551012371,66.40989296767657,8.658915148092069,4.501066781419436,0.33954318458106025,2.2477124954526886,1.5705926866384938,8.319371963510621
2011-06-30,2172.784175905963,59.55312409283229,2.6383717634804302,1.3660039556010373,2236.3416757178766,63.55749981191376,5.916039853597918,4.072519286644517,0.44906104584975043,-0.4795032714563782,1.8739627925596636,5.466978807747804
2011-07-31,2172.8413431392023,57.6971130766421,1.7130236939082937,0.08204118090910484,2232.333521090662,59.492177951459496,1.9078852263833508,2.216508270454331,0.5062282790894073,-1.7634660461483107,0.9486147229875275,1.40165694729355
2011-08-31,2172.839301030344,55.39828705742319,0.6456995693865196,0.00035624901518985686,2228.883643906169,56.0443428758249,-1.541991958109803,-0.08231774876457848,0.5041861702308604,-1.8451509780422257,-0.11870940153424665,-2.0461781283410487
2011-09-30,2172.8197648252317,54.21377610622272,0.26033955751769633,8.046728599007872e-05,2227.2939609562577,54.4741961310264,-3.1316749080208997,-1.26682869996505,0.4846499651182695,-1.8454267597714256,-0.50406941340307,-3.616324873139543
2011-10-31,2172.8022591158847,54.849915749261726,0.23974037081439295,0.11082605341477234,2228.0027412893755,55.20048217349088,-2.4228945749032986,-0.6306890569260526,0.4671442557713981,-1.734681173642643,-0.5246686001063734,-2.890038830675067
2011-11-30,2172.7985234421917,55.71939706053857,0.35490953001923037,0.5194263882286301,2229.3922564209784,56.59373297878643,-1.0333794433007268,0.23879225435079737,0.4634085820784132,-1.3260808388287855,-0.40949944090153595,-1.4967880253795218
2011-12-31,2172.797770121857,55.870734843477344,0.4383981667121167,1.0427462544975556,2230.149649386544,57.35187926468702,-0.27598647773493273,0.39013003728957596,0.46265526174362237,-0.8027609725598598,-0.3260108042086496,-0.7386417394789316
2012-01-31,2172.7864531662985,55.98711959766853,0.49481286796497076,1.3808786532497705,2230.6492642851817,57.86281111888327,0.22362842090305282,0.5065147914807612,0.45133830618534443,-0.4646285738076451,-0.26959610295579556,-0.2277098852826777
2012-02-29,2172.763824927992,56.305826306546656,0.5681048496624793,2.5723333104859623,2232.2100893946867,59.44626446669511,1.7844535304082105,0.8252215003588937,0.4287100678786665,0.7268260834285465,-0.196304121258287,1.3557434625291556
2012-03-31,2172.735360365434,57.03370856667817,0.7760425941672631,2.807896624612621,2233.3530081508925,60.617647785458054,2.927372286613552,1.553103760490401,0.4002455053210652,0.9623893975552058,0.01163362324649682,2.5271267812921057
2012-04-30,2172.7153062376788,57.47035976319005,1.1818258419378134,1.1525515540822404,2232.520043396889,59.8047371592101,2.0944075326100657,1.989754957002277,0.3801913775655319,-0.6929556729751751,0.41741687101704716,1.7142161550441513
2012-05-31,2172.708280810217,56.474471363039115,1.1855050269564973,0.24084961949726408,2230.6091068197093,57.90082600949288,0.18347095543058592,0.9938665568513471,0.3731659501032709,-1.6046576075601513,0.42109605603573097,-0.18969499467307163
2012-06-30,2172.681683977396,53.91719188241557,0.6385011733623958,0.005441316813268063,2227.2428183499874,54.56113437259124,-3.182817514291321,-1.5634129237721954,0.3465691172830014,-1.8400659102441475,-0.12590779755837053,-3.5293866315747113
2012-07-31,2172.6238303630307,51.99973806939976,0.28266407183682984,7.49860719527498e-09,2224.9062325117657,52.2824021487352,-5.519403352512823,-3.4808667367880064,0.28871550291755166,-1.8455072195588083,-0.4817448990839365,-5.80811885543075
2012-08-31,2172.553129460533,50.79869647796399,0.14082430549389668,0.0,2223.492650243991,50.939520783457894,-6.932985620287777,-4.6819083282237735,0.2180146004198919,-1.8455072270574153,-0.6235846654268696,-7.151000220708056
2012-09-30,2172.4860298256444,49.89941070320665,0.07140451764660699,0.00013486153252021893,2222.4569799080305,49.97095008238577,-7.968655956248477,-5.581194102981124,0.15091496553130745,-1.8453723655248953,-0.6930044532741593,-8.119570921780177
2012-10-31,2172.4233264042714,49.740210046818895,0.0553639516873564,0.027967912141293832,2222.246868314919,49.82354191064754,-8.17876754935967,-5.740394759368879,0.0882115441583502,-1.8175393149161216,-0.70904501923341,-8.266979093518408
2012-11-30,2172.3632929098885,50.070675971595364,0.07189116287584246,0.2286057666902616,2222.7344658110496,50.37117290116147,-7.691170053228952,-5.409928834592404,0.028178049775147606,-1.6169014603671539,-0.6925178080449239,-7.71934810300448
2012-12-31,2172.302516891205,50.30834188652497,0.10727948293608312,1.2012284867590546,2223.9193667474256,51.616849856220114,-6.506269116853433,-5.172262919662798,-0.03259796890797063,-0.6442787402983609,-0.6571294879846832,-6.47367114794584
2013-01-31,2172.236607435411,50.60987922933342,0.18706273555437514,2.6379943463873112,2225.671543746686,53.4349363112751,-4.7540921175927355,-4.870725576854352,-0.09850742470228896,0.7924871193298956,-0.5773462353663912,-4.655584692890846
2013-02-28,2172.174836436788,51.76666566391588,0.3242591774282279,3.3904822812213187,2227.6562435593537,55.48140712256542,-2.7693923049251676,-3.7139391422718893,-0.16027842332503622,1.5449750541639036,-0.44014979349253847,-2.6091138816005217
2013-03-31,2172.1244722840297,52.885645976554585,0.491963795506892,3.059816271293206,2228.561898327385,56.437426043354684,-1.8637375368941194,-2.594958829633184,-0.2106425760832393,1.2143090442357907,-0.2724451754138743,-1.653094960811266
2013-04-30,2172.0952580383614,54.2770795020806,0.8222113814541395,2.38020151567498,2229.574750437571,57.47949239920973,-0.8508854267078669,-1.203525304107162,-0.23985682175203035,0.5346942886175644,0.057802410533373254,-0.6110286049562222
2013-05-31,2172.1071488964376,55.03982163811137,1.2492448146135704,1.1798366800965698,2229.5760520292592,57.4689031328215,-0.849583835019742,-0.4407831680764011,-0.22796596367569086,-0.6656705469608457,0.48483584369280397,-0.6216178713444406
2013-06-30,2172.1543504727188,53.43781876611214,1.0314416982966692,0.052202526989673814,2226.6758134641177,54.52146299139849,-3.749822400161209,-2.042786040075632,-0.18076438739412815,-1.7933047000677416,0.2670327273759029,-3.569058012767469
2013-07-31,2172.1459032902567,51.33238443331378,0.41152632375301257,0.0,2223.8898140473234,51.7439107570668,-6.535821816955319,-4.148220372873988,-0.18921156985655177,-1.8455072270574153,-0.35288264716775375,-6.3466102470991546
2013-08-31,2172.104154671042,50.77264855812768,0.18914836336697546,0.0,2223.065951592537,50.96179692149466,-7.35968427174175,-4.707956248060091,-0.2309601890708472,-1.8455072270574153,-0.5752606075537908,-7.128724082671296
2013-09-30,2172.0786589060817,52.59617182594688,0.2556686166255116,0.00564156836227928,2224.9361409170165,52.857482010934675,-5.489494947262216,-2.8844329802408866,-0.25645595403131805,-1.8398656586951363,-0.5087403542952547,-5.2330389932312755
2013-10-31,2172.141567114294,54.664551511663845,0.44542512906846693,0.09664016932559047,2227.348183924352,55.20661681005791,-3.077451939926818,-0.8160532945239213,-0.19354774581917028,-1.748867057731825,-0.3189838418522994,-2.883904194108043
2013-11-30,2172.226070792886,55.288852595013196,0.5229511296119891,0.5472669539139091,2228.585141471425,56.3590706785391,-1.8404943928540636,-0.19175221117457367,-0.10904406722758356,-1.2982402731435065,-0.24145784130877723,-1.7314503256268552
2013-12-31,2172.295025838221,55.98106433157195,0.5828698166477008,2.118809209348924,2230.9777691957893,58.682743357568576,0.5521333315107606,0.5004595253841749,-0.04008902189224334,0.2733019822915087,-0.18153915427306555,0.5922223534026201
2014-01-31,2172.3442077619356,55.88109340943026,0.5704627451031653,2.58029346095119,2231.3760573774202,59.03184961548461,0.9504215131415966,0.40048860324248964,0.009092901822560067,0.7347862338937744,-0.19394622581760096,0.9413286113186652
2014-02-28,2172.361805284082,56.24500732183002,0.6567688675791091,3.9723406557783116,2233.2359221292695,60.87411684518745,2.8102862649905,0.7644025156422587,0.02669042396860548,2.126833428720896,-0.10764010334165726,2.7835958410214996
2014-03-31,2172.367593124978,57.164977657308945,0.9722960577350493,4.153645791090186,2234.6585126311124,62.29091950613417,4.2328767668334155,1.6843728511211722,0.03247826486479301,2.3081385640327707,0.20788708681428303,4.200398501968228
2014-04-30,2172.376096377358,57.32867862915085,1.2586622712041886,3.5439770763691083,2234.5074143540824,62.13131797672415,4.081778489803656,1.8480738229630804,0.04098151724507299,1.6984698493116925,0.49425330028342224,4.040796972558198
2014-05-31,2172.4084100146843,57.747870894343166,1.9000727557097261,1.8319173652791994,2233.8882710300163,61.47986101533209,3.462635165737467,2.2672660881553948,0.07329515457092411,-0.013589861778216182,1.1356637847889597,3.3893400111661403
2014-06-30,2172.467799603077,56.15458158875395,1.8079914404049384,0.17657873715101544,2230.606951369387,58.13915176630991,0.1813155051081809,0.6739767825661843,0.13268474296383992,-1.6689284899064,1.0435824694841722,0.0486307621439584
2014-07-31,2172.464793023135,53.52029778337453,0.6855104265400989,0.003173963572708097,2226.673775196622,54.20898217348734,-3.751860667656566,-1.9603070228132353,0.12967816302167165,-1.8423332634847074,-0.07889854438066753,-3.881538830678608
2014-08-31,2172.4290711529347,53.30153719962542,0.33069390384077946,2.1072985732294046e-05,2226.061323329386,53.63225217645193,-4.364312534892322,-2.179067606562354,0.09395629282131458,-1.8454861540716834,-0.43371506707998686,-4.458268827714022
2014-09-30,2172.4068503695507,53.95977905242331,0.29730360520645116,0.0014476211933573868,2226.665380648374,54.25853027882311,-3.7602552159047358,-1.5208257537644674,0.07173550943772714,-1.8440596058640584,-0.46710536571431516,-3.831990725342838
2014-10-31,2172.4256440125096,55.29096077054952,0.5242903104148442,0.004665493157100854,2228.245560586631,55.81991657412147,-2.1800752776474948,-0.1896440356382512,0.09052915239660939,-1.8408417339003147,-0.24011866050592215,-2.270604430044486
2014-11-30,2172.458844480309,54.905410764173716,0.5106277081363947,0.4033098460534128,2228.2781927986725,55.81934831836353,-2.1474430656060672,-0.5751940420140508,0.12372962019597303,-1.4421973810040027,-0.25378126278437163,-2.271172685802423
2014-12-31,2172.469642626922,55.25629706742407,0.5516376284091641,1.3155195032680285,2229.593096826023,57.12345419910126,-0.8325390382554455,-0.22430773876370277,0.13452776680886688,-0.529987723789387,-0.21277134251160223,-0.9670668050646899
2015-01-31,2172.4623608719835,55.68903011902905,0.615819561005402,2.4889987337596926,2231.256209285778,58.793848413794144,0.8305734214989189,0.20842531284128188,0.12724601187033824,0.6434915067022772,-0.14858940991536426,0.7033274096281968
2015-02-28,2172.449449594574,56.498696970297274,0.7623491297138995,2.3397590988173484,2232.050254793403,59.60080519882852,1.6246189291241508,1.0180921641095004,0.1143347344612082,0.4942518717599326,-0.002059841206866947,1.5102841946625685
2015-03-31,2172.452550424645,57.71735170049193,1.0288567949715268,2.634734479535789,2233.833493399644,61.38094297499924,3.407857535365106,2.2367468943041566,0.11743556453144027,0.789227252478374,0.26444782405076056,3.2904219708332936
2015-04-30,2172.488785009462,57.73806761414192,1.2057169907357117,1.3553442167660166,2232.787913831106,60.299128821643656,2.362277966826886,2.257462807954156,0.15367014934879344,-0.49016301029139897,0.44130801981494555,2.208607817477705
2015-05-31,2172.543536272976,59.49890632797718,1.951970220488854,0.6451080584171386,2234.639520879859,62.09598460688318,4.21388501558014,4.018301521789409,0.20842141286254534,-1.2003991686402768,1.1875612495680876,4.005463602717223
2015-06-30,2172.6508165360033,59.73409393793361,1.7125995383245256,0.07162729681443485,2234.1691373090753,61.51832077307257,3.7435014447967863,4.253489131745842,0.3157016758897997,-1.7738799302429809,0.9481905674037593,3.427799768906622
2015-07-31,2172.7459794663223,57.594927353355445,0.6074818089597798,1.7465937291297014e-06,2230.948390375231,58.202410908908945,0.5227545109522833,2.1143225471676703,0.4108646062089087,-1.8455054804636866,-0.15692716196098655,0.11188990474299942
2015-08-31,2172.8023438678774,55.51284478072926,0.22913121590587066,3.229212039251726e-06,2228.544323093724,55.741979225847174,-1.8813127705545452,0.032239974541491946,0.46722900776384885,-1.8455039978453764,-0.5352777550148956,-2.348541778318778
2015-09-30,2172.826334409169,54.089697933284484,0.11292167840767063,4.3464743226919356e-05,2227.028997485604,54.20266307643539,-3.3966383786747016,-1.3909068729032823,0.4912195490554887,-1.8454637623141887,-0.6514872925130957,-3.8878579277305643
2015-10-31,2172.828492180134,54.14236832237155,0.10811991819113131,0.011276577047916625,2227.0902569977447,54.2617648176106,-3.3353788665338926,-1.3382364838162202,0.4933773200210949,-1.834230650009499,-0.656289052729635,-3.8287561865553523
2015-11-30,2172.849410558453,55.670171559131255,0.22248393549031115,0.48459836587821514,2229.226664418953,56.377253860499785,-1.1989714453256946,0.1895667529434897,0.514295698340081,-1.3609088611792004,-0.5419250354304552,-1.7132671436661635
2015-12-31,2172.8810673753947,55.922153230014764,0.33856403440053867,1.7882834967818788,2230.9300681365917,58.04900076119718,0.504432272312891,0.4415484238269917,0.5459525152812833,-0.05722373027553671,-0.4258449365202276,-0.04152024296877054
2016-01-31,2172.8934280178396,56.06918736065103,0.4544323739349257,4.198745413907964,2233.6157931663333,60.722365148493914,3.1901573020546286,0.5885825544632566,0.558313157726287,2.353238186850548,-0.3099765969858406,2.631844144327966
2016-02-29,2172.889651026962,57.02799707703026,0.6115336094174971,5.0393666419913545,2235.5685483554007,62.678897328439106,5.142912491122095,1.5473922708424888,0.5545361668485641,3.193859414933939,-0.15287536150326925,4.5883763242731606
2016-03-31,2172.898391434751,58.30115030210298,0.9230610809662686,3.318627106621423,2235.441229924442,62.54283848969067,5.015594060162876,2.820545495915209,0.563276574637779,1.4731198795640075,0.15865211004550234,4.452317485524721
2016-04-30,2172.924749582825,59.380572086901196,1.364821674604639,2.5802889686630914,2236.250432312994,63.32568273016893,5.824796448714889,3.8999672807134265,0.5896347227115288,0.7347817416056758,0.6004127036838728,5.2351617260029775
2016-05-31,2173.005730615305,61.35372669271065,2.2779353551696575,1.2940375356856213,2237.931430198871,64.92569958356593,7.505794334592117,5.873121886522882,0.6706157551917479,-0.5514696913717942,1.5135263842488909,6.835178579399981
2016-06-30,2173.119712070465,58.997204671076425,1.510561151978027,0.10020859381110771,2233.72768648733,60.60797441686555,3.302050623051653,3.5165998648886494,0.7845972103516469,-1.7452986332463079,0.7461521810572609,2.517453412699605
2016-07-31,2173.148096689889,55.95661222818307,0.5242294687170654,2.435410483942802e-06,2229.6289408221996,56.48084413231061,-0.7966950420790104,0.476007421995293,0.8129818297759301,-1.8455047916469314,-0.2401795022037009,-1.6096768718553376
2016-08-31,2173.133115292968,54.01199785864516,0.20430955061328954,3.2212322005502242e-06,2227.3494259234585,54.21631063049065,-3.076209940820289,-1.468606947542611,0.7980004328546276,-1.845504005825215,-0.5600994203074767,-3.8742103736753
2016-09-30,2173.1092866361437,53.284123801661956,0.11811861315085317,0.0031193520522854365,2226.514648403009,53.4053617668651,-3.910987461269943,-2.1964810045258134,0.7741717760305189,-1.8423878750051301,-0.6462903577699132,-4.685159237300854
2016-10-31,2173.092206824985,54.12626335857008,0.11397732302838526,0.020976871112247525,2227.353424377696,54.261217552710704,-3.072211486582942,-1.3543414476176956,0.7570919648719182,-1.824530355945168,-0.6504316478923811,-3.8293034514552424
2016-11-30,2173.0818865022957,54.16150427925506,0.159184150311439,0.13727545886256065,2227.5398503907245,54.45796388842906,-2.8857854735543382,-1.319100526932706,0.7467716421821605,-1.708231768194855,-0.6052248206093273,-3.6325571157368866
2016-12-31,2173.0666860316082,54.949914800027955,0.2797567804792553,1.8879207816229584,2230.1842783937386,57.11759236213017,-0.2413574705402689,-0.5306900061598209,0.7315711714951372,0.0424135545655427,-0.48465219044151103,-0.9729286420357871
2017-01-31,2173.051630405213,55.991341428354666,0.4619893277668049,6.101875125153108,2235.606836286487,62.55520588127457,5.181200422208687,0.5107366221668915,0.7165155450996932,4.256367898095692,-0.3024196431539614,4.464684877108624
2017-02-28,2173.055184534466,57.984541225957116,0.7529676777766139,6.769465496826911,2238.5621589350267,65.50697440056064,8.136523070748062,2.5039364197693494,0.7200696743529873,4.9239582697694955,-0.011441293144152433,7.416453396394694
2017-03-31,2173.095544496695,59.93468028383948,1.3082276039987897,5.32976135906809,2239.6682137436014,66.57266924690636,9.242577879322523,4.454075477651701,0.7604296365817288,3.4842541320106744,0.5438186330780233,8.4821482427404
2017-04-30,2173.2012921748155,61.50900545656391,2.1050618474431815,3.0362839430011994,2239.851643421824,66.6503512470083,9.426007557545052,6.028400650376143,0.8661773147023281,1.1907767159437839,1.340652876522415,8.559830242842343
2017-05-31,2173.316717836753,61.12658516235599,2.0105259682223986,1.6107735542210564,2238.0646025215524,64.74788468479944,7.638966657273677,5.64598035616822,0.9816029766397901,-0.23473367283635926,1.2461169973016324,6.657363680633495
2017-06-30,2173.389588161911,58.71326091508274,1.6809415476527034,0.23930461046006113,2234.0230952351067,60.6335070731955,3.597459370827706,3.23265610889497,1.0544733017977483,-1.6062026165973546,0.9165325767319372,2.542986069029555
2017-07-31,2173.3939056120444,55.616304825595016,0.7359160258099731,0.0014723564574268971,2229.747598819907,56.35369320786241,-0.6780370443716859,0.13570001940724855,1.0587907519314668,-1.8440348705999887,-0.028492945110793234,-1.736827796303531
2017-08-31,2173.370250813984,54.39058631154223,0.3185527979758191,7.158957637480085e-07,2228.079390639398,54.70913982541381,-2.3462452248809593,-1.090018494645542,1.0351359538707925,-1.8455065111616518,-0.44585617294494717,-3.381381178752139
2017-09-30,2173.3384038578474,52.96706029602987,0.14827126413468592,0.010037107069452926,2226.4637725250814,53.125368667234014,-3.9618633391974343,-2.5135445101579004,1.0032889977341142,-1.8354701199879624,-0.6161377067860804,-4.965152336931942
2017-10-31,2173.3068002494856,53.89967905126899,0.16497114979906746,0.01689394712146799,2227.388344397675,54.08154414818953,-3.03729146660374,-1.5809257549187832,0.971685389372303,-1.8286132799359476,-0.5994378211216989,-4.008976855976428
2017-11-30,2173.275775519222,53.48500025617223,0.19474995054212618,0.180828705025657,2227.136354430962,53.860578911740006,-3.289281433316741,-1.9956045500155404,0.9406606591088101,-1.6646785220317586,-0.5696590203786401,-4.2299420924259366
2017-12-31,2173.2359434300665,53.36030565118452,0.27665903820141485,0.36865943022450126,2227.241567549677,54.00562411961044,-3.184068314601856,-2.1202991550032513,0.9008285699532804,-1.4768477968329143,-0.48774993271935146,-4.084896884555515
2018-01-31,2173.183956213635,53.585985441612344,0.3879374103499056,1.036132474343641,2228.194011539941,55.01005532630589,-2.231624324337425,-1.8946193645754281,0.8488413535222523,-0.8093747527137745,-0.3764715605708608,-3.0804656778600608
2018-02-28,2173.1258783804483,54.12084464103717,0.5056524790040541,1.6720872960681479,2229.4244627965577,56.29858441610937,-1.0011730677212365,-1.3597601651506008,0.7907635203349737,-0.17341993098926764,-0.25875649191671224,-1.7919365880565785
2018-03-31,2173.065633435126,54.86402146253299,0.6165764961778104,1.9571071678845862,2230.503338561721,57.43770512659539,0.07770269744250932,-0.6165833436547832,0.7305185750126946,0.11159994082717052,-0.14783247474295583,-0.6528158775705664
2018-04-30,2173.011180480102,55.7278496287946,0.9033355042491404,1.6316023654278047,2231.273967978573,58.262787498471546,0.848332114294673,0.247244822606828,0.6760656199886872,-0.21390486162961098,0.1389265333283742,0.17226649430559327
2018-05-31,2172.9843068939826,55.907094833977624,1.258999045434881,0.5034323991619464,2230.653833172557,57.669526278574445,0.2281973082783123,0.4264900277898481,0.6491920338694289,-1.342074827895469,0.4945900745141147,-0.42099472559150425
2018-06-30,2172.965829958317,53.857705973705805,0.9527345184383896,0.01197712132991848,2227.7882475717906,54.82241761347411,-2.63738829248788,-1.6228988324819706,0.6307150982035908,-1.833530105727497,0.18832554751762334,-3.2681033906918424
2018-07-31,2172.913562310545,51.53490121870195,0.4056738415089168,2.28836238603525e-06,2224.8541396591186,51.94057734857325,-5.571496205160397,-3.9457035874858195,0.5784474504319128,-1.8455049386950295,-0.35873512941184954,-6.149943655592697
2018-08-31,2172.8391452164524,49.73505175557486,0.1736111184871278,4.102208496892008e-08,2222.7478081315367,49.908662915084065,-7.677827732742186,-5.745553050612915,0.504030356339311,-1.8455071860353305,-0.5907978524336385,-8.181858089081882
2018-09-30,2172.7578228147145,48.63058208938434,0.08895314027039297,1.0359598766072346e-06,2221.477359080329,48.71953626561461,-8.948276783949852,-6.850022716803431,0.4227079546011036,-1.8455061910975388,-0.6754558306503734,-9.370984738551341
2018-10-31,2172.682990117378,50.80984820163147,0.07997460093216308,0.0766832383545899,2223.6494961582957,50.966506040918226,-6.7761397059828425,-4.6707566045563045,0.34787525726450785,-1.7688239887028254,-0.6844343699886032,-7.124014963247731
2018-11-30,2172.654532938073,51.429555003832746,0.09171398179812687,0.31490224536227834,2224.490704169066,51.83617123099315,-5.934931695212811,-4.051049802355022,0.3194180779596138,-1.5306049816951373,-0.6726949891226395,-6.254349773172796
2018-12-31,2172.637618758668,51.64578149005055,0.1365615508769853,1.327365189029164,2225.7473269886245,53.1097082299567,-4.678308875654128,-3.8348233161372147,0.30250389855474663,-0.5181420380282517,-0.627847420043781,-4.9808127742092445
2019-01-31,2172.6060708618675,51.99054002589456,0.22502591982214312,3.1035492978445145,2227.9251861054286,55.31911524356122,-2.5004497588501944,-3.4900647802932103,0.27095600175417284,1.2580420707870992,-0.5393830510986233,-2.771405760604732
2019-02-28,2172.5698688956,52.97361000375192,0.38176688726137314,5.38822445410612,2231.313470240719,58.74360134511941,0.88783437644046,-2.5069948024358504,0.23475403548662432,3.5427172270487044,-0.3826420836593932,0.6530803409534626
2019-03-31,2172.5692088826972,55.826685644832345,0.7427577541614548,6.948919432948501,2236.0875717146396,63.518362831942305,5.661935850360828,0.3460808386445791,0.2340940225840894,5.103412205891086,-0.021651216759311455,5.427841827776355
2019-04-30,2172.6664971254895,58.530333729733165,1.2670210935035118,4.533569615774541,2236.997421564501,64.33092443901123,6.57178570022212,3.0497289235454015,0.33138226537646903,2.688062388717125,0.5026121225827456,6.240403434845275
2019-05-31,2172.8475905527857,60.57033440677944,2.101519363574815,2.3456128996046406,2237.865057222745,65.01746666995889,7.439421358466182,5.08972960059167,0.5124756926728607,0.500105672547225,1.3371103926540484,6.926945665792944
2019-06-30,2173.03995042675,60.234781041132,2.0531672087211725,0.6750635585155578,2236.0029622351185,62.96301180836873,5.57732637083969,4.754176234944233,0.704835566636529,-1.1704436685418578,1.2887582378004059,4.8724908042027835
2019-07-31,2173.146011148857,57.10063105868594,1.0745365096120412,0.010108517511991797,2231.331287234667,58.185276085809974,0.9056513703878576,1.6200262524981701,0.8108962887434396,-1.8353987095454238,0.3101275386912749,0.09475508164402344
2019-08-31,2173.163482016752,54.34915530010491,0.32527645440528136,0.0,2227.837913771262,54.6744317545102,-2.587722093016672,-1.131449506082855,0.8283671566386885,-1.8455072270574153,-0.43913251651548496,-3.416089249655754
2019-09-30,2173.1439219219515,52.48115428470185,0.12317684195021111,0.0011594174202888986,2225.7494124660243,52.60549054407235,-4.67622339825464,-2.9994505214859166,0.8088070618385674,-1.8443478096371266,-0.6412321289705553,-5.485030460093596
2019-10-31,2173.105990861583,51.776099051048284,0.07377404004232532,0.10693644856860927,2225.0628004012424,51.95680953965922,-5.362835463036568,-3.704505755139485,0.7708760014697695,-1.7385707784888063,-0.6906349308784411,-6.13371146450673
2019-11-30,2173.0565110410657,52.11234798246835,0.09403746663430397,0.3992136143407067,2225.6621101045093,52.60559906344335,-4.763525759769523,-3.3682568237194244,0.7213961809526924,-1.4462936127167088,-0.6703715042864624,-5.484921940722594
2019-12-31,2173.0048526777146,53.681260478996116,0.18257072950418587,2.404757816386197,2229.273441702601,56.268589024886495,-1.1521941616776863,-1.799344327191658,0.6697378176013976,0.5592505893287815,-0.5818382414165804,-1.8219319792794546
2020-01-31,2172.963020371339,54.03029533125442,0.3000116317688775,3.941304674032477,2231.234632008395,58.27161163705577,0.8089961441159614,-1.4503094749333547,0.6279055112257673,2.0957974469750615,-0.4643973391518888,0.18109063288982025
2020-02-29,2172.926469929802,54.40115679111929,0.43739669508025975,4.8677016092875105,2232.632725025289,59.70625509548706,2.207089161010246,-1.0794480150684869,0.5913550696887487,3.022194382230095,-0.32701227584050657,1.6157340913211038
2020-03-31,2172.8919087637028,55.97829044022652,0.7077359312512336,4.348994035645328,2233.9269291708256,61.035020407123085,3.5012933065467813,0.4976856340387528,0.556793903589256,2.5034868085879123,-0.05667303966953275,2.9444994029571343
2020-04-30,2172.8867206047958,57.26762349919212,1.1376192174028348,3.3780550579431754,2234.670018379334,61.78329777453813,4.244382515055338,1.7870186930043468,0.5516057446827719,1.5325478308857599,0.37321024648206835,3.692776770372177
2020-05-31,2172.9272742773605,57.313457020863645,1.544016221870401,1.0626728296359218,2232.847420349731,59.92014607236997,2.4217844854516803,1.8328522146758752,0.5921594172472878,-0.7828343974214939,0.7796072509496348,1.8296250682040183
2020-06-30,2172.981235874182,55.87706688913794,1.2676206789981113,0.04465577498668378,2230.1705792173047,57.18934334312274,-0.2550566469740766,0.3964620829501698,0.6461210140687664,-1.8008514520707317,0.5032117080773449,-0.9011776610432147
2020-07-31,2172.973449973987,53.29326762953879,0.53581530137623,0.00032787456864648783,2226.8028607794704,53.82941080548367,-3.622775084808203,-2.187337176648979,0.6383351138737011,-1.845179352488769,-0.22859366954453628,-4.261110198682283
2020-08-31,2172.9295769330624,51.034879580918826,0.20698409327712813,1.393362771619127e-08,2224.171440621192,51.24186368812958,-6.254195243087039,-4.445725225268946,0.5944620729489442,-1.845507213123788,-0.5574248776436382,-6.84865731603637
2020-09-30,2172.8687413303473,49.81231640007807,0.09730941071158436,0.007658338131369993,2222.7860254792686,49.91728414892103,-7.639610385010375,-5.668288406109704,0.5336264702341724,-1.8378488889260454,-0.6670995602091819,-8.173236855244928
2020-10-31,2172.7971889555192,48.86207846839199,0.052568487672886605,0.05704201830457404,2221.7688779298887,48.97168897436945,-8.656757934390285,-6.618526337795777,0.46207409540581174,-1.7884652087528414,-0.7118404832478797,-9.118832029796497
2020-11-30,2172.718663658256,49.43991825873713,0.06688727024471565,0.36304698919755035,2222.5885161764354,49.86985251817939,-7.8371196878434315,-6.040686547450638,0.383548798142739,-1.4824602378598652,-0.6975217006760507,-8.220668485986552
2020-12-31,2172.638843914121,49.71890770357363,0.0987365220324385,0.8507545880336279,2223.3072427277607,50.66839881363969,-7.118393136518302,-5.761697102614142,0.30372905400757055,-0.9947526390237876,-0.6656724488883278,-7.422122190526255
2021-01-31,2172.555892520105,49.93374257447649,0.16036985761353323,1.7898600570675978,2224.4398650092626,51.883972489157614,-5.985770855016102,-5.546862231711283,0.22077765999183024,-0.055647169989817544,-0.604039113307233,-6.206548515008331
2021-02-28,2172.4739287410025,50.67237864558134,0.26194532438473567,2.8786259433274846,2226.286878654296,53.812949913293565,-4.138757209982657,-4.808226160606429,0.13881388088934848,1.033118716270069,-0.5024636465360307,-4.277571090872389
2021-03-31,2172.3948177658694,51.822089612187305,0.41882874164946926,3.1928864167117874,2227.828622536418,55.433804770548555,-2.5970133278608416,-3.6585151940004654,0.05970290575615025,1.3473791896543716,-0.34558022927129706,-2.656716233617389
2021-04-30,2172.331183148327,52.94165312646787,0.6147570158348389,2.3400051686295944,2228.2275984592593,55.8964153109323,-2.1980374050193094,-2.5389516797199008,-0.003931711786048532,0.4944979415721787,-0.1496519550859274,-2.1941056932336473
2021-05-31,2172.3058561760927,53.582853019927306,0.8957852656302037,0.9656173489931182,2227.750111810643,55.444255634550636,-2.675524053635663,-1.8977517862604603,-0.029258684020737256,-0.8798898780642973,0.13137629470943732,-2.646265369615318
2021-06-30,2172.317841232682,52.18934085976029,0.8747434615209418,0.042657794151287766,2225.424583348115,53.106742115432525,-5.001052516164097,-3.2912639464274775,-0.01727362743104853,-1.802849432906128,0.11033449060017554,-4.983778888733427
2021-07-31,2172.289721686317,50.54803327212051,0.4222505431808582,2.653001066773823e-07,2223.2600057669188,50.97028408060147,-7.165630097360062,-4.93257153406726,-0.045393173795957864,-1.8455069617573088,-0.34215842773990807,-7.120236923564475
2021-08-31,2172.2391124686224,50.439474449064484,0.20274599877840213,5.7279810954095405e-05,2222.8813901962767,50.64227772765384,-7.54424566800232,-5.041130357123286,-0.09600239149058411,-1.8454499472464614,-0.5616629721423642,-7.448243276512111
2021-09-30,2172.206682475961,49.998693506540356,0.09732958038384491,0.00018949270890445102,2222.302895055594,50.096212579633104,-8.12274080868467,-5.481911299647414,-0.128432384152216,-1.845317734348511,-0.6670793905369214,-7.994308424532844
2021-10-31,2172.188929964699,51.19101234126862,0.12651988026008976,0.05874964289458135,2223.5652118291227,51.376281864423284,-6.860424035156262,-4.289592464919159,-0.14618489541398397,-1.7867575841628343,-0.6378890906606766,-6.714239139742667
2021-11-30,2172.197747293408,51.99813794502784,0.21773160855421841,0.07764060848893287,2224.491257455479,52.293510162070994,-5.9343784087998115,-3.4824668611599257,-0.13736756670523959,-1.7678666185684828,-0.5466773623665478,-5.797010842094954
2021-12-31,2172.2085348435953,52.09195190770226,0.30533740815875465,1.240693184723577,2225.84651734418,53.63798250058459,-4.579118520098828,-3.3886528984855144,-0.12658001651785558,-0.6048140423338388,-0.4590715627620117,-4.452538503581363
2022-01-31,2172.2030907612866,52.66824553577738,0.4376129787789196,3.9383497808203805,2229.2472990566635,57.044208295376684,-1.1783368076154705,-2.8123592704103912,-0.1320240988265812,2.0928425537629645,-0.32679599214184674,-1.0463127087892712
2022-02-28,2172.184867497762,52.70438827454361,0.4836138918532277,3.9363295558712528,2229.30919922003,57.124331722268096,-1.1164366442486329,-2.776216531644157,-0.15024736235116687,2.0908223288138372,-0.28079507906753853,-0.9661892818978557
2022-03-31,2172.1551241402735,53.73502621911021,0.630432046301778,4.083545244283184,2230.604127649969,58.44900350969516,0.17849178569015686,-1.7455785870775669,-0.17999071983944054,2.238038017225768,-0.13397692461898839,0.35848250552921435
2022-04-30,2172.1406416220893,55.11895586054735,1.07461819156894,2.6103260743961227,2230.9445417486018,58.80390012651242,0.5189058843230157,-0.361648945640421,-0.19447323802383745,0.7648188473387074,0.3102092206481736,0.7133791223464621
2022-05-31,2172.1719326464913,55.18104284223836,1.39276654394948,1.0960501811444712,2229.8417922138233,57.66985956733232,-0.5838436504552244,-0.2995619639494048,-0.16318221362197075,-0.7494570459129444,0.6283575730287139,-0.420661436833633
2022-06-30,2172.215031372276,54.110984858387646,1.2169946753420098,0.10035611054958155,2227.643367016555,55.42833564427924,-2.7822688477235875,-1.3696199478001279,-0.12008348783726383,-1.745151116507834,0.4525857044212434,-2.662185359886716
2022-07-31,2172.208632569104,52.518722138181666,0.6337344675984696,7.466502625492486e-05,2225.36116383991,53.15253127080639,-5.064472024368461,-2.9618826680061017,-0.12648229100927855,-1.8454325620311605,-0.1306745033222967,-4.937989733359557
2022-08-31,2172.1738966993053,51.41967890356852,0.3052805937294394,6.676231286339365e-09,2223.8988562032796,51.72495950397419,-6.526779660999087,-4.060925902619245,-0.1612181608077098,-1.8455072203811842,-0.459128377191327,-6.365561500191754
2022-09-30,2172.134631544038,50.66188323925227,0.16414438415274618,5.3314748587417136e-05,2222.960712482191,50.8260809381536,-7.464923382087699,-4.818721566935507,-0.20048331607572625,-1.845453912308828,-0.6002645867680202,-7.2644400660123525
2022-10-31,2172.0997136432775,51.65657102630849,0.19885256053546094,0.08331847823531871,2224.038455708357,51.93874206507927,-6.3871801559217465,-3.824033779879281,-0.23540121683546358,-1.7621887488220969,-0.5655564103853054,-6.1517789390866815
2022-11-30,2172.082462856045,52.606297354953526,0.2803710881243457,0.5216750543563646,2225.4908063534795,53.40834349743424,-4.934829510799302,-2.874307451234243,-0.2526520040679663,-1.323832172701051,-0.4840378827964206,-4.682177506731712
2022-12-31,2172.0741714508363,52.72439640037829,0.3579245385255432,1.7741193715783083,2226.9306117613182,54.85644031048214,-3.495024102960513,-2.756208405809483,-0.2609434092770966,-0.07138785547910732,-0.40648443239522314,-3.2340806936838113
2023-01-31,2172.059991642457,53.490224677697185,0.45553573428153865,5.984493348129111,2231.9902454025646,59.93025376010783,1.5646095382858716,-1.990380128490588,-0.2751232176563888,4.138986121071695,-0.30887323663922767,1.8397327559418815
2023-02-28,2172.048831074062,53.71629217523237,0.5124428682839158,7.487982027961736,2233.76554814554,61.716717071478016,3.339912281261182,-1.7643126309554003,-0.2862837860512814,5.64247480090432,-0.25196610263685043,3.6261960673120717
2023-03-31,2172.0416988544735,54.80021216520896,0.665618261485506,9.366459318895464,2236.8739886000635,64.83228974558993,6.448352735784792,-0.6803926409788057,-0.29341600563956644,7.520952091838048,-0.09879070943526037,6.741768741423984
2023-04-30,2172.0834054732836,57.31066434131847,1.1168976873491836,8.17181188058467,2238.6827793825364,66.59937390925234,8.257143518257406,1.8300595351307076,-0.2517093868293677,6.326304653527254,0.3524887164284173,8.50885290508638
2023-05-31,2172.219894189609,59.25745549334464,2.470586332152997,3.2636137308375917,2237.2115497459445,64.99165555633523,6.785913881665658,3.776850687156866,-0.11522067050400903,1.4181065037801759,1.706177361232231,6.9011345521692755
2023-06-30,2172.4180497023403,58.67550136918834,2.355496173200996,0.5298337101327976,2233.9788809548622,61.560831252522135,3.5532450905837,3.194896563000568,0.08293484222712474,-1.3156735169246179,1.5910872022802292,3.470310248356181
2023-07-31,2172.501791668944,55.64766635828255,0.9930527245896205,0.010578137987579221,2229.1530888898033,56.65129722085975,-1.2725469744753926,0.16706155209478052,0.16667680883042388,-1.8349290890698364,0.22864375366885412,-1.4392237833061994
2023-08-31,2172.510099641477,53.71606025693023,0.337223578748081,1.2176607135818943e-07,2226.5633835989215,54.05328395744437,-3.8622522653573794,-1.7645445492575473,0.17498478136382095,-1.8455071052913443,-0.42718539217268525,-4.037237046721575
2023-09-30,2172.493439392033,52.833763147602134,0.16302355295028667,7.70934878702604e-05,2225.4903031860736,52.996863794040294,-4.935332678205321,-2.6468416585856365,0.1583245319199635,-1.8454301335695453,-0.6013854179704796,-5.093657210125659
2023-10-31,2172.4685175423365,52.42695396588947,0.1380948923527095,0.04223889211194558,2225.075805292691,52.607287750354125,-5.349830571588024,-3.053650840298303,0.1334026822234294,-1.80326833494547,-0.6263140785680568,-5.483233253811828
2023-11-30,2172.436082605674,52.4679812495874,0.18579219020900153,0.22590834228803328,2225.3157643877585,52.87968178208444,-5.109871476520248,-3.012623556600367,0.10096774556087414,-1.6195988847693823,-0.5786167807117648,-5.210839222081512
2023-12-31,2172.3970123042964,53.06586285030143,0.28849345740798804,1.1668070841667715,2226.918175696172,54.521163391876186,-3.5074601681064586,-2.4147419558863445,0.06189744418291458,-0.678700142890644,-0.4759155135127783,-3.5693576122897643
2024-01-31,2172.352118430501,53.44692867884028,0.41329389341458944,2.3974151865354147,2228.6097561892907,56.25763775879028,-1.8158796749878205,-2.033676127347488,0.01700357038746473,0.5519079594779992,-0.3511150775061768,-1.8328832453756634
2024-02-29,2172.309541608771,54.64630279167869,0.5683578845932398,3.9549231843317165,2231.4791254693746,59.16958386060365,1.053489605095611,-0.8343020145090748,-0.025573251342467462,2.109415957274301,-0.19605108632752655,1.0790628564377016
2024-03-31,2172.279986758839,55.67965772558723,0.7349953846966176,4.821866276135848,2233.516506145259,61.23651938641969,3.0908702809802593,0.19905291939945338,-0.05512810127385565,2.976359049078433,-0.02941358622414865,3.1459983822537394
2024-04-30,2172.2767567535757,56.918624608161046,1.3564384567636192,3.827353064298408,2234.3791728827987,62.10241612922307,3.9535370185199055,1.4380198019732762,-0.0583581065375995,1.9818458372409924,0.5920294858428529,4.011895125057124
2024-05-31,2172.3292237043415,57.556023486283735,1.8539994231409203,2.0178679011094287,2233.7571145148754,61.427890810534095,3.3314786505968743,2.075418680095969,-0.005891155771637362,0.17236067405201314,1.0895904522201538,3.337369806368138
2024-06-30,2172.398665406159,56.13367018154321,1.6867445663726661,0.2750896657376095,2230.4941698198127,58.09550441365348,0.0685339555339384,0.6530653753554375,0.06355054604600936,-1.5704175613198061,0.9223355954518997,0.0049834094875331894
2024-07-31,2172.4162448703305,54.09964104914068,0.8172214508624629,0.00014266469897319478,2227.3332500350325,54.91700516470212,-3.09238582924608,-1.3809637570470872,0.08113001021737061,-1.8453645623584423,0.0528124799416966,-3.173515839463831
2024-08-31,2172.393863180465,52.6832015371229,0.3018712377049424,6.732198370772113e-09,2225.3789359620246,52.98507278156004,-5.046699902253968,-2.7974032690648687,0.05874832035155372,-1.845507220325217,-0.4625377332158239,-5.105448222605908
2024-09-30,2172.366670413989,51.76845512348999,0.16302490588456844,1.4187392390250133e-05,2224.298164630756,51.93149421676696,-6.127471233522711,-3.712149682697777,0.03155555387590338,-1.8454930396650253,-0.6013840650361979,-6.159026787398998
